image_id,acc_clean,acc_attacked,logits_sigmoid_mean,logits_abs_mean,perfect_recovery_clean,perfect_recovery_attacked
000000173091.jpg,0.5199999809265137,0.5199999809265137,0.5011017918586731,0.029566530138254166,0.0,0.0
000000173183.jpg,0.5199999809265137,0.5199999809265137,0.5011085867881775,0.029577596113085747,0.0,0.0
000000173302.jpg,0.5199999809265137,0.5199999809265137,0.5011453032493591,0.0296188872307539,0.0,0.0
000000173371.jpg,0.5199999809265137,0.5199999809265137,0.5011157989501953,0.029588846489787102,0.0,0.0
000000173383.jpg,0.5199999809265137,0.5199999809265137,0.5011313557624817,0.029624968767166138,0.0,0.0
000000173799.jpg,0.5199999809265137,0.5199999809265137,0.5011216998100281,0.029610127210617065,0.0,0.0
000000173830.jpg,0.5199999809265137,0.5199999809265137,0.5011129975318909,0.029560154303908348,0.0,0.0
000000174004.jpg,0.5199999809265137,0.5199999809265137,0.5011324286460876,0.029615363106131554,0.0,0.0
000000174018.jpg,0.5199999809265137,0.5199999809265137,0.5011160373687744,0.029609637334942818,0.0,0.0
000000174123.jpg,0.5199999809265137,0.5199999809265137,0.5011186599731445,0.029612038284540176,0.0,0.0
000000174231.jpg,0.5199999809265137,0.5199999809265137,0.5011340379714966,0.029604004696011543,0.0,0.0
000000174371.jpg,0.5199999809265137,0.5199999809265137,0.5011281371116638,0.02961355447769165,0.0,0.0
000000174482.jpg,0.5199999809265137,0.5199999809265137,0.5011175870895386,0.02959187515079975,0.0,0.0
000000175251.jpg,0.5199999809265137,0.5199999809265137,0.5011320114135742,0.029622869566082954,0.0,0.0
000000175364.jpg,0.5199999809265137,0.5199999809265137,0.5011314153671265,0.029601123183965683,0.0,0.0
000000175387.jpg,0.5199999809265137,0.5199999809265137,0.5011246204376221,0.029589232057332993,0.0,0.0
000000175438.jpg,0.5199999809265137,0.5199999809265137,0.5011225342750549,0.029593562707304955,0.0,0.0
000000175443.jpg,0.5199999809265137,0.5199999809265137,0.5011560320854187,0.029640870168805122,0.0,0.0
000000175535.jpg,0.5199999809265137,0.5199999809265137,0.5011204481124878,0.029595736414194107,0.0,0.0
000000176037.jpg,0.5199999809265137,0.5199999809265137,0.5011539459228516,0.029623689129948616,0.0,0.0
000000176232.jpg,0.5199999809265137,0.5199999809265137,0.5010993480682373,0.029559234157204628,0.0,0.0
000000176446.jpg,0.5199999809265137,0.5199999809265137,0.5011436343193054,0.02961144782602787,0.0,0.0
000000176606.jpg,0.5199999809265137,0.5199999809265137,0.5011290907859802,0.02960689552128315,0.0,0.0
000000176634.jpg,0.5199999809265137,0.5199999809265137,0.5011259913444519,0.029606932774186134,0.0,0.0
000000176701.jpg,0.5199999809265137,0.5199999809265137,0.5011389255523682,0.029598554596304893,0.0,0.0
000000176778.jpg,0.5199999809265137,0.5199999809265137,0.5011357665061951,0.029604854062199593,0.0,0.0
000000176799.jpg,0.5199999809265137,0.5199999809265137,0.5011419057846069,0.02961363084614277,0.0,0.0
000000176847.jpg,0.5199999809265137,0.5199999809265137,0.5011245012283325,0.029615070670843124,0.0,0.0
000000176857.jpg,0.5199999809265137,0.5199999809265137,0.5011247396469116,0.029603060334920883,0.0,0.0
000000176901.jpg,0.5199999809265137,0.5199999809265137,0.5011137127876282,0.02957983873784542,0.0,0.0
000000177015.jpg,0.5199999809265137,0.5199999809265137,0.5011548399925232,0.02963160164654255,0.0,0.0
000000177065.jpg,0.5199999809265137,0.5199999809265137,0.5011188387870789,0.029595814645290375,0.0,0.0
000000177213.jpg,0.5199999809265137,0.5199999809265137,0.5011311173439026,0.029628269374370575,0.0,0.0
000000177357.jpg,0.5199999809265137,0.5199999809265137,0.5011138319969177,0.029584212228655815,0.0,0.0
000000177383.jpg,0.5199999809265137,0.5199999809265137,0.5011458992958069,0.02963489666581154,0.0,0.0
000000177489.jpg,0.5199999809265137,0.5199999809265137,0.5011305809020996,0.02960466966032982,0.0,0.0
000000177539.jpg,0.5199999809265137,0.5199999809265137,0.5011052489280701,0.029571805149316788,0.0,0.0
000000177714.jpg,0.5199999809265137,0.5199999809265137,0.5011376738548279,0.02964034490287304,0.0,0.0
000000177861.jpg,0.5199999809265137,0.5199999809265137,0.5011373162269592,0.029603229835629463,0.0,0.0
000000177893.jpg,0.5199999809265137,0.5199999809265137,0.5011056661605835,0.029561728239059448,0.0,0.0
000000177934.jpg,0.5199999809265137,0.5199999809265137,0.5011262893676758,0.029597030952572823,0.0,0.0
000000177935.jpg,0.5199999809265137,0.5199999809265137,0.501116156578064,0.029597725719213486,0.0,0.0
000000178028.jpg,0.5199999809265137,0.5199999809265137,0.5011572241783142,0.029641512781381607,0.0,0.0
000000178469.jpg,0.5199999809265137,0.5199999809265137,0.5011247396469116,0.029596248641610146,0.0,0.0
000000178618.jpg,0.5199999809265137,0.5199999809265137,0.5011149048805237,0.029601294547319412,0.0,0.0
000000178744.jpg,0.5199999809265137,0.5199999809265137,0.5011109709739685,0.02957770973443985,0.0,0.0
000000178982.jpg,0.5199999809265137,0.5199999809265137,0.5011733770370483,0.02966642752289772,0.0,0.0
000000179112.jpg,0.5199999809265137,0.5199999809265137,0.5011311173439026,0.02964424528181553,0.0,0.0
000000179141.jpg,0.5199999809265137,0.5199999809265137,0.5011692047119141,0.02966688573360443,0.0,0.0
000000179174.jpg,0.5199999809265137,0.5199999809265137,0.5011253356933594,0.029592374339699745,0.0,0.0
000000179214.jpg,0.5199999809265137,0.5199999809265137,0.5011063814163208,0.029590385034680367,0.0,0.0
000000179265.jpg,0.5199999809265137,0.5199999809265137,0.5011305212974548,0.029605571180582047,0.0,0.0
000000179285.jpg,0.5199999809265137,0.5199999809265137,0.5011430382728577,0.029624169692397118,0.0,0.0
000000179392.jpg,0.5199999809265137,0.5199999809265137,0.5011577606201172,0.029618626460433006,0.0,0.0
000000179487.jpg,0.5199999809265137,0.5199999809265137,0.5011398792266846,0.02962537482380867,0.0,0.0
000000179642.jpg,0.5199999809265137,0.5199999809265137,0.5011289715766907,0.02961532585322857,0.0,0.0
000000179653.jpg,0.5199999809265137,0.5199999809265137,0.5011310577392578,0.029584191739559174,0.0,0.0
000000179765.jpg,0.5199999809265137,0.5199999809265137,0.501131534576416,0.029606027528643608,0.0,0.0
000000179898.jpg,0.5199999809265137,0.5199999809265137,0.5011317729949951,0.029612673446536064,0.0,0.0
000000180011.jpg,0.5199999809265137,0.5199999809265137,0.501140296459198,0.029615825042128563,0.0,0.0
000000180101.jpg,0.5199999809265137,0.5199999809265137,0.501135528087616,0.029636872932314873,0.0,0.0
000000180135.jpg,0.5099999904632568,0.5099999904632568,0.5011674165725708,0.029673757031559944,0.0,0.0
000000180188.jpg,0.5199999809265137,0.5199999809265137,0.5011188983917236,0.02956862933933735,0.0,0.0
000000180296.jpg,0.5199999809265137,0.5199999809265137,0.5011417269706726,0.02960815280675888,0.0,0.0
000000180383.jpg,0.5199999809265137,0.5199999809265137,0.5011448264122009,0.029623594135046005,0.0,0.0
000000180487.jpg,0.5199999809265137,0.5199999809265137,0.5011383891105652,0.029610132798552513,0.0,0.0
000000180560.jpg,0.5199999809265137,0.5199999809265137,0.5011592507362366,0.029627373442053795,0.0,0.0
000000180751.jpg,0.5199999809265137,0.5199999809265137,0.5011283755302429,0.029606541618704796,0.0,0.0
000000180792.jpg,0.5199999809265137,0.5199999809265137,0.5011188983917236,0.02958504855632782,0.0,0.0
000000180798.jpg,0.5199999809265137,0.5199999809265137,0.5011147856712341,0.029599850997328758,0.0,0.0
000000180878.jpg,0.5199999809265137,0.5199999809265137,0.5011451840400696,0.029610516503453255,0.0,0.0
000000181303.jpg,0.5199999809265137,0.5199999809265137,0.5011457204818726,0.02961898222565651,0.0,0.0
000000181421.jpg,0.5199999809265137,0.5199999809265137,0.5011322498321533,0.029602905735373497,0.0,0.0
000000181499.jpg,0.5199999809265137,0.5199999809265137,0.5011370182037354,0.029593147337436676,0.0,0.0
000000181542.jpg,0.5199999809265137,0.5199999809265137,0.5011202096939087,0.0295985396951437,0.0,0.0
000000181666.jpg,0.5199999809265137,0.5199999809265137,0.5011197328567505,0.029596440494060516,0.0,0.0
000000181753.jpg,0.5199999809265137,0.5199999809265137,0.5011425614356995,0.02961195446550846,0.0,0.0
000000181796.jpg,0.5199999809265137,0.5199999809265137,0.5011225342750549,0.029599515721201897,0.0,0.0
000000181816.jpg,0.5199999809265137,0.5199999809265137,0.5011129975318909,0.029582375660538673,0.0,0.0
000000181859.jpg,0.5199999809265137,0.5199999809265137,0.5011135935783386,0.02964106760919094,0.0,0.0
000000181969.jpg,0.5199999809265137,0.5199999809265137,0.5011501312255859,0.029651135206222534,0.0,0.0
000000182021.jpg,0.5199999809265137,0.5199999809265137,0.5011120438575745,0.029596256092190742,0.0,0.0
000000182155.jpg,0.5199999809265137,0.5199999809265137,0.501118004322052,0.029605964198708534,0.0,0.0
000000182162.jpg,0.5199999809265137,0.5199999809265137,0.5011320114135742,0.02961724065244198,0.0,0.0
000000182202.jpg,0.5199999809265137,0.5199999809265137,0.5011123418807983,0.029570763930678368,0.0,0.0
000000182417.jpg,0.5199999809265137,0.5199999809265137,0.5011141896247864,0.029576702043414116,0.0,0.0
000000182441.jpg,0.5199999809265137,0.5199999809265137,0.5010987520217896,0.029567701742053032,0.0,0.0
000000182611.jpg,0.5199999809265137,0.5199999809265137,0.5011412501335144,0.029618119820952415,0.0,0.0
000000182805.jpg,0.5199999809265137,0.5199999809265137,0.5011428594589233,0.02960805781185627,0.0,0.0
000000182923.jpg,0.5199999809265137,0.5199999809265137,0.5011199712753296,0.029607318341732025,0.0,0.0
000000183049.jpg,0.5199999809265137,0.5199999809265137,0.5011270642280579,0.029617618769407272,0.0,0.0
000000183104.jpg,0.5199999809265137,0.5199999809265137,0.5011359453201294,0.02961394190788269,0.0,0.0
000000183127.jpg,0.5199999809265137,0.5199999809265137,0.50112384557724,0.029595503583550453,0.0,0.0
000000183246.jpg,0.5199999809265137,0.5199999809265137,0.5011194348335266,0.02955443784594536,0.0,0.0
000000183391.jpg,0.5199999809265137,0.5199999809265137,0.5011386871337891,0.02960854023694992,0.0,0.0
000000183437.jpg,0.5199999809265137,0.5199999809265137,0.5011292099952698,0.029606685042381287,0.0,0.0
000000183500.jpg,0.5199999809265137,0.5199999809265137,0.5010963678359985,0.02956562303006649,0.0,0.0
000000183648.jpg,0.5199999809265137,0.5199999809265137,0.5011405348777771,0.029613975435495377,0.0,0.0
000000183675.jpg,0.5199999809265137,0.5199999809265137,0.501133918762207,0.029615944251418114,0.0,0.0
000000183709.jpg,0.5199999809265137,0.5199999809265137,0.5011327266693115,0.02960212714970112,0.0,0.0
000000183716.jpg,0.5199999809265137,0.5199999809265137,0.5011480450630188,0.02964506484568119,0.0,0.0
000000183965.jpg,0.5199999809265137,0.5199999809265137,0.5011563897132874,0.029630254954099655,0.0,0.0
000000184321.jpg,0.5199999809265137,0.5199999809265137,0.5011426210403442,0.029608149081468582,0.0,0.0
000000184324.jpg,0.5199999809265137,0.5199999809265137,0.5011330842971802,0.029597124084830284,0.0,0.0
000000184338.jpg,0.5199999809265137,0.5199999809265137,0.5011311173439026,0.029620487242937088,0.0,0.0
000000184384.jpg,0.5199999809265137,0.5199999809265137,0.5011335611343384,0.02961881086230278,0.0,0.0
000000184400.jpg,0.5199999809265137,0.5199999809265137,0.5011292695999146,0.029594948515295982,0.0,0.0
000000184611.jpg,0.5199999809265137,0.5199999809265137,0.5011498332023621,0.02961997501552105,0.0,0.0
000000184762.jpg,0.5199999809265137,0.5199999809265137,0.5011380910873413,0.029644297435879707,0.0,0.0
000000184791.jpg,0.5199999809265137,0.5199999809265137,0.5011166930198669,0.029602056369185448,0.0,0.0
000000184978.jpg,0.5199999809265137,0.5199999809265137,0.5011025667190552,0.02957690693438053,0.0,0.0
000000185157.jpg,0.5199999809265137,0.5199999809265137,0.5011067986488342,0.029607834294438362,0.0,0.0
000000185250.jpg,0.5199999809265137,0.5199999809265137,0.5011336207389832,0.0296238511800766,0.0,0.0
000000185292.jpg,0.5199999809265137,0.5199999809265137,0.5011070370674133,0.029581159353256226,0.0,0.0
000000185409.jpg,0.5199999809265137,0.5199999809265137,0.501119077205658,0.029621610417962074,0.0,0.0
000000185472.jpg,0.5199999809265137,0.5199999809265137,0.5011200904846191,0.029589135199785233,0.0,0.0
000000185473.jpg,0.5099999904632568,0.5099999904632568,0.5011764764785767,0.02967868559062481,0.0,0.0
000000185599.jpg,0.5199999809265137,0.5199999809265137,0.5011233687400818,0.029644055292010307,0.0,0.0
000000185802.jpg,0.5199999809265137,0.5199999809265137,0.5011152029037476,0.029592331498861313,0.0,0.0
000000185890.jpg,0.5199999809265137,0.5199999809265137,0.5011547207832336,0.029632454738020897,0.0,0.0
000000185950.jpg,0.5199999809265137,0.5199999809265137,0.5011110305786133,0.029566125944256783,0.0,0.0
000000186042.jpg,0.5199999809265137,0.5199999809265137,0.5011258125305176,0.029597967863082886,0.0,0.0
000000186282.jpg,0.5199999809265137,0.5199999809265137,0.5011432766914368,0.029621504247188568,0.0,0.0
000000186296.jpg,0.5199999809265137,0.5199999809265137,0.5011436343193054,0.029613858088850975,0.0,0.0
000000186345.jpg,0.5199999809265137,0.5199999809265137,0.5011163949966431,0.02963521145284176,0.0,0.0
000000186422.jpg,0.5199999809265137,0.5199999809265137,0.5011295676231384,0.02960110642015934,0.0,0.0
000000186449.jpg,0.5199999809265137,0.5199999809265137,0.50115567445755,0.029624762013554573,0.0,0.0
000000186624.jpg,0.5199999809265137,0.5199999809265137,0.5011375546455383,0.029606696218252182,0.0,0.0
000000186632.jpg,0.5199999809265137,0.5199999809265137,0.5011436939239502,0.029624100774526596,0.0,0.0
000000186637.jpg,0.5199999809265137,0.5199999809265137,0.501136839389801,0.029623307287693024,0.0,0.0
000000186873.jpg,0.5199999809265137,0.5199999809265137,0.5011399984359741,0.02960732951760292,0.0,0.0
000000186929.jpg,0.5199999809265137,0.5199999809265137,0.5011104941368103,0.029662778601050377,0.0,0.0
000000186938.jpg,0.5199999809265137,0.5199999809265137,0.5011312961578369,0.029605373740196228,0.0,0.0
000000186980.jpg,0.5199999809265137,0.5199999809265137,0.5011163353919983,0.029598036780953407,0.0,0.0
000000187055.jpg,0.5199999809265137,0.5199999809265137,0.5011177659034729,0.02960805781185627,0.0,0.0
000000187144.jpg,0.5199999809265137,0.5199999809265137,0.5011152029037476,0.02957037463784218,0.0,0.0
000000187236.jpg,0.5099999904632568,0.5099999904632568,0.5011791586875916,0.029679493978619576,0.0,0.0
000000187243.jpg,0.5199999809265137,0.5199999809265137,0.5011107325553894,0.029566960409283638,0.0,0.0
000000187249.jpg,0.5099999904632568,0.5099999904632568,0.5011729598045349,0.02966301329433918,0.0,0.0
000000187271.jpg,0.5199999809265137,0.5199999809265137,0.5011267066001892,0.029613208025693893,0.0,0.0
000000187362.jpg,0.5199999809265137,0.5199999809265137,0.501108705997467,0.029579386115074158,0.0,0.0
000000187513.jpg,0.5199999809265137,0.5199999809265137,0.5011357665061951,0.029611872509121895,0.0,0.0
000000187585.jpg,0.5199999809265137,0.5199999809265137,0.5011400580406189,0.02961510606110096,0.0,0.0
000000187734.jpg,0.5199999809265137,0.5199999809265137,0.5011283755302429,0.02959573268890381,0.0,0.0
000000187745.jpg,0.5199999809265137,0.5199999809265137,0.5010926127433777,0.02959844470024109,0.0,0.0
000000187990.jpg,0.5199999809265137,0.5199999809265137,0.5011171102523804,0.029582910239696503,0.0,0.0
000000188296.jpg,0.5199999809265137,0.5199999809265137,0.5011106729507446,0.029588252305984497,0.0,0.0
000000188439.jpg,0.5199999809265137,0.5199999809265137,0.5011266469955444,0.029601898044347763,0.0,0.0
000000188465.jpg,0.5199999809265137,0.5199999809265137,0.5011559724807739,0.029634037986397743,0.0,0.0
000000188592.jpg,0.5199999809265137,0.5199999809265137,0.5011419653892517,0.029612097889184952,0.0,0.0
000000188689.jpg,0.5199999809265137,0.5199999809265137,0.5011582970619202,0.02962464652955532,0.0,0.0
000000188906.jpg,0.5199999809265137,0.5199999809265137,0.5011237263679504,0.029611077159643173,0.0,0.0
000000189078.jpg,0.5199999809265137,0.5199999809265137,0.5011329054832458,0.029623912647366524,0.0,0.0
000000189213.jpg,0.5199999809265137,0.5199999809265137,0.5011464953422546,0.02961394190788269,0.0,0.0
000000189226.jpg,0.5199999809265137,0.5199999809265137,0.5011215806007385,0.029601432383060455,0.0,0.0
000000189310.jpg,0.5199999809265137,0.5199999809265137,0.5011265277862549,0.029602332040667534,0.0,0.0
000000189436.jpg,0.5199999809265137,0.5199999809265137,0.5011220574378967,0.029607800766825676,0.0,0.0
000000189451.jpg,0.5199999809265137,0.5199999809265137,0.50114506483078,0.029625199735164642,0.0,0.0
000000189475.jpg,0.5199999809265137,0.5199999809265137,0.5011288523674011,0.029607372358441353,0.0,0.0
000000189698.jpg,0.5199999809265137,0.5199999809265137,0.501146137714386,0.029625672847032547,0.0,0.0
000000189752.jpg,0.5199999809265137,0.5199999809265137,0.5011433362960815,0.029612338170409203,0.0,0.0
000000189775.jpg,0.5199999809265137,0.5199999809265137,0.5011100769042969,0.029579797759652138,0.0,0.0
000000189806.jpg,0.5199999809265137,0.5199999809265137,0.5011195540428162,0.029592808336019516,0.0,0.0
000000189820.jpg,0.5199999809265137,0.5199999809265137,0.5011283755302429,0.02959204837679863,0.0,0.0
000000189828.jpg,0.5199999809265137,0.5199999809265137,0.5010961890220642,0.02956448495388031,0.0,0.0
000000190007.jpg,0.5199999809265137,0.5199999809265137,0.501123309135437,0.02959146350622177,0.0,0.0
000000190140.jpg,0.5199999809265137,0.5199999809265137,0.5011489987373352,0.029629584401845932,0.0,0.0
000000190236.jpg,0.5199999809265137,0.5199999809265137,0.5011375546455383,0.02961106225848198,0.0,0.0
000000190307.jpg,0.5199999809265137,0.5199999809265137,0.5011035799980164,0.029568811878561974,0.0,0.0
000000190637.jpg,0.5199999809265137,0.5199999809265137,0.5011240839958191,0.02959175780415535,0.0,0.0
000000190648.jpg,0.5199999809265137,0.5199999809265137,0.5011626482009888,0.029648274183273315,0.0,0.0
000000190676.jpg,0.5199999809265137,0.5199999809265137,0.5011116862297058,0.02958749793469906,0.0,0.0
000000190753.jpg,0.5199999809265137,0.5199999809265137,0.5011453628540039,0.029612407088279724,0.0,0.0
000000190756.jpg,0.5199999809265137,0.5199999809265137,0.5011013746261597,0.029576696455478668,0.0,0.0
000000190841.jpg,0.5199999809265137,0.5199999809265137,0.5011132955551147,0.029564902186393738,0.0,0.0
000000190853.jpg,0.5199999809265137,0.5199999809265137,0.5011296272277832,0.029603270813822746,0.0,0.0
000000190923.jpg,0.5199999809265137,0.5199999809265137,0.5011338591575623,0.02960779331624508,0.0,0.0
000000191013.jpg,0.5199999809265137,0.5199999809265137,0.5011104941368103,0.02959369122982025,0.0,0.0
000000191288.jpg,0.5199999809265137,0.5199999809265137,0.5011258721351624,0.029604362323880196,0.0,0.0
000000191471.jpg,0.5199999809265137,0.5199999809265137,0.5011113882064819,0.029582452028989792,0.0,0.0
000000191580.jpg,0.5199999809265137,0.5199999809265137,0.5011210441589355,0.02961377054452896,0.0,0.0
000000191614.jpg,0.5199999809265137,0.5199999809265137,0.5011271834373474,0.02959192357957363,0.0,0.0
000000191672.jpg,0.5199999809265137,0.5199999809265137,0.5011052489280701,0.02956320159137249,0.0,0.0
000000191761.jpg,0.5199999809265137,0.5199999809265137,0.5011364817619324,0.029616298153996468,0.0,0.0
000000191845.jpg,0.5199999809265137,0.5199999809265137,0.5011278986930847,0.02960975654423237,0.0,0.0
000000192047.jpg,0.5199999809265137,0.5199999809265137,0.5011116862297058,0.029592951759696007,0.0,0.0
000000192191.jpg,0.5199999809265137,0.5199999809265137,0.5011425614356995,0.029618557542562485,0.0,0.0
000000192607.jpg,0.5199999809265137,0.5199999809265137,0.5011425018310547,0.029613321647047997,0.0,0.0
000000192670.jpg,0.5199999809265137,0.5199999809265137,0.501114547252655,0.02958383783698082,0.0,0.0
000000192699.jpg,0.5199999809265137,0.5199999809265137,0.5011364817619324,0.029613962396979332,0.0,0.0
000000192716.jpg,0.5199999809265137,0.5199999809265137,0.5011133551597595,0.02957967296242714,0.0,0.0
000000192871.jpg,0.5199999809265137,0.5199999809265137,0.5011444091796875,0.02964773029088974,0.0,0.0
000000192904.jpg,0.5199999809265137,0.5199999809265137,0.5011038780212402,0.029569219797849655,0.0,0.0
000000192964.jpg,0.5199999809265137,0.5199999809265137,0.5011663436889648,0.029645036906003952,0.0,0.0
000000193162.jpg,0.5199999809265137,0.5199999809265137,0.5011319518089294,0.029614919796586037,0.0,0.0
000000193181.jpg,0.5199999809265137,0.5199999809265137,0.5011232495307922,0.029612703248858452,0.0,0.0
000000193245.jpg,0.5199999809265137,0.5199999809265137,0.5011072158813477,0.02957313507795334,0.0,0.0
000000193348.jpg,0.5199999809265137,0.5199999809265137,0.5011146664619446,0.029639843851327896,0.0,0.0
000000193429.jpg,0.5199999809265137,0.5199999809265137,0.5010966658592224,0.029558204114437103,0.0,0.0
000000193494.jpg,0.5099999904632568,0.5099999904632568,0.5011268258094788,0.02964003011584282,0.0,0.0
000000193674.jpg,0.5199999809265137,0.5199999809265137,0.5011311769485474,0.0295956302434206,0.0,0.0
000000193717.jpg,0.5199999809265137,0.5199999809265137,0.5011386275291443,0.029598241671919823,0.0,0.0
000000193743.jpg,0.5199999809265137,0.5199999809265137,0.5011458992958069,0.02964599058032036,0.0,0.0
000000193884.jpg,0.5199999809265137,0.5199999809265137,0.5011157989501953,0.029585951939225197,0.0,0.0
000000193926.jpg,0.5199999809265137,0.5199999809265137,0.5011366009712219,0.02961841970682144,0.0,0.0
000000194216.jpg,0.5199999809265137,0.5199999809265137,0.5011457800865173,0.029613899067044258,0.0,0.0
000000194471.jpg,0.5199999809265137,0.5199999809265137,0.5011163949966431,0.0295982975512743,0.0,0.0
000000194506.jpg,0.5199999809265137,0.5199999809265137,0.5011259317398071,0.029604077339172363,0.0,0.0
000000194716.jpg,0.5199999809265137,0.5199999809265137,0.5011338591575623,0.02960941195487976,0.0,0.0
000000194724.jpg,0.5199999809265137,0.5199999809265137,0.5011332035064697,0.02962188981473446,0.0,0.0
000000194746.jpg,0.5199999809265137,0.5199999809265137,0.5011625289916992,0.029634054750204086,0.0,0.0
000000194832.jpg,0.5199999809265137,0.5199999809265137,0.5011531710624695,0.029623081907629967,0.0,0.0
000000194875.jpg,0.5199999809265137,0.5199999809265137,0.501164972782135,0.029653748497366905,0.0,0.0
000000194940.jpg,0.5199999809265137,0.5199999809265137,0.5011405348777771,0.02963128685951233,0.0,0.0
000000195045.jpg,0.5199999809265137,0.5199999809265137,0.5011383891105652,0.029615050181746483,0.0,0.0
000000195165.jpg,0.5199999809265137,0.5199999809265137,0.5011479258537292,0.029623502865433693,0.0,0.0
000000195754.jpg,0.5199999809265137,0.5199999809265137,0.5011581182479858,0.029641514644026756,0.0,0.0
000000195842.jpg,0.5199999809265137,0.5199999809265137,0.5011458396911621,0.029629668220877647,0.0,0.0
000000195918.jpg,0.5199999809265137,0.5199999809265137,0.5011395812034607,0.029591435566544533,0.0,0.0
000000196009.jpg,0.5199999809265137,0.5199999809265137,0.5011140704154968,0.02961692586541176,0.0,0.0
000000196141.jpg,0.5199999809265137,0.5199999809265137,0.5011400580406189,0.02961644157767296,0.0,0.0
000000196185.jpg,0.5199999809265137,0.5199999809265137,0.5011117458343506,0.029565637931227684,0.0,0.0
000000196442.jpg,0.5199999809265137,0.5199999809265137,0.5010865926742554,0.02955923229455948,0.0,0.0
000000196754.jpg,0.5199999809265137,0.5199999809265137,0.5011375546455383,0.02961203269660473,0.0,0.0
000000196759.jpg,0.5199999809265137,0.5199999809265137,0.5011307597160339,0.029627762734889984,0.0,0.0
000000196843.jpg,0.5199999809265137,0.5199999809265137,0.5011242628097534,0.029607567936182022,0.0,0.0
000000197004.jpg,0.5199999809265137,0.5199999809265137,0.5011239051818848,0.029626207426190376,0.0,0.0
000000197022.jpg,0.5199999809265137,0.5199999809265137,0.5011111497879028,0.02958727814257145,0.0,0.0
000000197388.jpg,0.5199999809265137,0.5199999809265137,0.501095712184906,0.029574045911431313,0.0,0.0
000000197528.jpg,0.5199999809265137,0.5199999809265137,0.501120924949646,0.029589956626296043,0.0,0.0
000000197658.jpg,0.5199999809265137,0.5199999809265137,0.5011313557624817,0.029617279767990112,0.0,0.0
000000197796.jpg,0.5199999809265137,0.5199999809265137,0.5011222958564758,0.029593532904982567,0.0,0.0
000000197870.jpg,0.5199999809265137,0.5199999809265137,0.5011654496192932,0.029643310233950615,0.0,0.0
000000198489.jpg,0.5199999809265137,0.5199999809265137,0.5011153817176819,0.02958795242011547,0.0,0.0
000000198510.jpg,0.5199999809265137,0.5199999809265137,0.5011315941810608,0.029583696275949478,0.0,0.0
000000198641.jpg,0.5199999809265137,0.5199999809265137,0.501141369342804,0.029613250866532326,0.0,0.0
000000198805.jpg,0.5199999809265137,0.5199999809265137,0.501135528087616,0.029652681201696396,0.0,0.0
000000198915.jpg,0.5199999809265137,0.5199999809265137,0.5011159181594849,0.02962457574903965,0.0,0.0
000000198928.jpg,0.5199999809265137,0.5199999809265137,0.5011196732521057,0.02956920489668846,0.0,0.0
000000198960.jpg,0.5199999809265137,0.5199999809265137,0.5011305809020996,0.029609359800815582,0.0,0.0
000000199055.jpg,0.5199999809265137,0.5199999809265137,0.5011166930198669,0.029597802087664604,0.0,0.0
000000199236.jpg,0.5199999809265137,0.5199999809265137,0.5011445879936218,0.02962273545563221,0.0,0.0
000000199310.jpg,0.5199999809265137,0.5199999809265137,0.5011568665504456,0.029650790616869926,0.0,0.0
000000199395.jpg,0.5199999809265137,0.5199999809265137,0.5010973811149597,0.029587620869278908,0.0,0.0
000000199442.jpg,0.5199999809265137,0.5199999809265137,0.5010946989059448,0.029568323865532875,0.0,0.0
000000199551.jpg,0.5199999809265137,0.5199999809265137,0.5011305212974548,0.029614929109811783,0.0,0.0
000000199681.jpg,0.5099999904632568,0.5099999904632568,0.5011692047119141,0.029656216502189636,0.0,0.0
000000199771.jpg,0.5199999809265137,0.5199999809265137,0.5011381506919861,0.029608232900500298,0.0,0.0
000000199977.jpg,0.5099999904632568,0.5099999904632568,0.5011051893234253,0.029619110748171806,0.0,0.0
000000200152.jpg,0.5099999904632568,0.5099999904632568,0.5011813044548035,0.029680160805583,0.0,0.0
000000200162.jpg,0.5199999809265137,0.5199999809265137,0.5011277794837952,0.029592517763376236,0.0,0.0
000000200252.jpg,0.5199999809265137,0.5199999809265137,0.5011246800422668,0.029602257534861565,0.0,0.0
000000200421.jpg,0.5199999809265137,0.5199999809265137,0.5011566281318665,0.029631799086928368,0.0,0.0
000000200667.jpg,0.5199999809265137,0.5199999809265137,0.5011257529258728,0.029599379748106003,0.0,0.0
000000200839.jpg,0.5199999809265137,0.5199999809265137,0.501119077205658,0.029608651995658875,0.0,0.0
000000200961.jpg,0.5199999809265137,0.5199999809265137,0.5011076927185059,0.02959124743938446,0.0,0.0
000000201025.jpg,0.5199999809265137,0.5199999809265137,0.5011663436889648,0.029648426920175552,0.0,0.0
000000201072.jpg,0.5199999809265137,0.5199999809265137,0.5011245608329773,0.029603302478790283,0.0,0.0
000000201148.jpg,0.5199999809265137,0.5199999809265137,0.5011144280433655,0.02957228571176529,0.0,0.0
000000201418.jpg,0.5199999809265137,0.5199999809265137,0.5011516809463501,0.02962164394557476,0.0,0.0
000000201426.jpg,0.5199999809265137,0.5199999809265137,0.5011218786239624,0.029597537592053413,0.0,0.0
000000201646.jpg,0.5199999809265137,0.5199999809265137,0.5011195540428162,0.029608629643917084,0.0,0.0
000000201676.jpg,0.5199999809265137,0.5199999809265137,0.5011187791824341,0.029619434848427773,0.0,0.0
000000201775.jpg,0.5199999809265137,0.5199999809265137,0.5011237859725952,0.029608428478240967,0.0,0.0
000000201934.jpg,0.5199999809265137,0.5199999809265137,0.501121997833252,0.029603609815239906,0.0,0.0
000000202001.jpg,0.5199999809265137,0.5199999809265137,0.5011385083198547,0.029601553454995155,0.0,0.0
000000202228.jpg,0.5199999809265137,0.5199999809265137,0.5011180639266968,0.029584692791104317,0.0,0.0
000000202339.jpg,0.5199999809265137,0.5199999809265137,0.5011433362960815,0.029610048979520798,0.0,0.0
000000202445.jpg,0.5199999809265137,0.5199999809265137,0.5011304616928101,0.02958720549941063,0.0,0.0
000000203095.jpg,0.5199999809265137,0.5199999809265137,0.5011052489280701,0.02959149144589901,0.0,0.0
000000203294.jpg,0.5199999809265137,0.5199999809265137,0.5011351108551025,0.029609356075525284,0.0,0.0
000000203317.jpg,0.5199999809265137,0.5199999809265137,0.501128077507019,0.02961292490363121,0.0,0.0
000000203389.jpg,0.5199999809265137,0.5199999809265137,0.5011177659034729,0.029582155868411064,0.0,0.0
000000203488.jpg,0.5199999809265137,0.5199999809265137,0.5011432766914368,0.029614385217428207,0.0,0.0
000000203546.jpg,0.5199999809265137,0.5199999809265137,0.501133382320404,0.029610004276037216,0.0,0.0
000000203580.jpg,0.5199999809265137,0.5199999809265137,0.5011382102966309,0.02961738035082817,0.0,0.0
000000203629.jpg,0.5199999809265137,0.5199999809265137,0.5011458992958069,0.029617181047797203,0.0,0.0
000000203639.jpg,0.5199999809265137,0.5199999809265137,0.5011153817176819,0.029591063037514687,0.0,0.0
000000203864.jpg,0.5199999809265137,0.5199999809265137,0.5011250972747803,0.029609965160489082,0.0,0.0
000000203931.jpg,0.5199999809265137,0.5199999809265137,0.501130998134613,0.029611898586153984,0.0,0.0
000000204186.jpg,0.5199999809265137,0.5199999809265137,0.5011435747146606,0.029629921540617943,0.0,0.0
000000204329.jpg,0.5199999809265137,0.5199999809265137,0.5011019706726074,0.029573844745755196,0.0,0.0
000000204871.jpg,0.5199999809265137,0.5199999809265137,0.5011255741119385,0.02960512973368168,0.0,0.0
000000205105.jpg,0.5099999904632568,0.5099999904632568,0.5011726021766663,0.02965432032942772,0.0,0.0
000000205282.jpg,0.5199999809265137,0.5199999809265137,0.5011193156242371,0.029571842402219772,0.0,0.0
000000205289.jpg,0.5199999809265137,0.5199999809265137,0.5011048913002014,0.02956305257976055,0.0,0.0
000000205324.jpg,0.5199999809265137,0.5199999809265137,0.5011284947395325,0.02961095981299877,0.0,0.0
000000205333.jpg,0.5199999809265137,0.5199999809265137,0.5010945796966553,0.029573265463113785,0.0,0.0
000000205401.jpg,0.5199999809265137,0.5199999809265137,0.5011047124862671,0.029554691165685654,0.0,0.0
000000205514.jpg,0.5199999809265137,0.5199999809265137,0.5010983347892761,0.029567159712314606,0.0,0.0
000000205542.jpg,0.5199999809265137,0.5199999809265137,0.5011286735534668,0.029606027528643608,0.0,0.0
000000205647.jpg,0.5199999809265137,0.5199999809265137,0.5010982751846313,0.029580621048808098,0.0,0.0
000000205776.jpg,0.5199999809265137,0.5199999809265137,0.5011327266693115,0.02960764802992344,0.0,0.0
000000205834.jpg,0.5199999809265137,0.5199999809265137,0.5011390447616577,0.029614511877298355,0.0,0.0
000000206025.jpg,0.5199999809265137,0.5199999809265137,0.5011202096939087,0.029583033174276352,0.0,0.0
000000206027.jpg,0.5199999809265137,0.5199999809265137,0.5011321306228638,0.029606841504573822,0.0,0.0
000000206135.jpg,0.5199999809265137,0.5199999809265137,0.5011080503463745,0.02956068143248558,0.0,0.0
000000206218.jpg,0.5199999809265137,0.5199999809265137,0.501147449016571,0.029610423371195793,0.0,0.0
000000206271.jpg,0.5199999809265137,0.5199999809265137,0.5011025667190552,0.02956204116344452,0.0,0.0
000000206411.jpg,0.5199999809265137,0.5199999809265137,0.501132071018219,0.02960309199988842,0.0,0.0
000000206487.jpg,0.5199999809265137,0.5199999809265137,0.5011207461357117,0.029585208743810654,0.0,0.0
000000206579.jpg,0.5199999809265137,0.5199999809265137,0.5011559724807739,0.029619133099913597,0.0,0.0
000000206831.jpg,0.5199999809265137,0.5199999809265137,0.5011429190635681,0.0296290572732687,0.0,0.0
000000206838.jpg,0.5199999809265137,0.5199999809265137,0.5011160373687744,0.029586970806121826,0.0,0.0
000000206994.jpg,0.5199999809265137,0.5199999809265137,0.5011358857154846,0.02961273118853569,0.0,0.0
000000207306.jpg,0.5199999809265137,0.5199999809265137,0.5011404752731323,0.02960784174501896,0.0,0.0
000000207538.jpg,0.5199999809265137,0.5199999809265137,0.5011403560638428,0.029616620391607285,0.0,0.0
000000207585.jpg,0.5199999809265137,0.5199999809265137,0.5011237263679504,0.029595334082841873,0.0,0.0
000000207728.jpg,0.5199999809265137,0.5199999809265137,0.5011115074157715,0.029572905972599983,0.0,0.0
000000207844.jpg,0.5199999809265137,0.5199999809265137,0.5011229515075684,0.029623502865433693,0.0,0.0
000000208208.jpg,0.5199999809265137,0.5199999809265137,0.5011216402053833,0.029602503404021263,0.0,0.0
000000208363.jpg,0.5199999809265137,0.5199999809265137,0.5011270642280579,0.029599405825138092,0.0,0.0
000000208423.jpg,0.5199999809265137,0.5199999809265137,0.5011019110679626,0.029595129191875458,0.0,0.0
000000208901.jpg,0.5199999809265137,0.5199999809265137,0.501099169254303,0.029575880616903305,0.0,0.0
000000209142.jpg,0.5199999809265137,0.5199999809265137,0.501118540763855,0.029601329937577248,0.0,0.0
000000209222.jpg,0.5199999809265137,0.5199999809265137,0.5011506676673889,0.02961977943778038,0.0,0.0
000000209530.jpg,0.5199999809265137,0.5199999809265137,0.501160740852356,0.029642432928085327,0.0,0.0
000000209613.jpg,0.5199999809265137,0.5199999809265137,0.5011523962020874,0.029621362686157227,0.0,0.0
000000209747.jpg,0.5199999809265137,0.5199999809265137,0.5011001229286194,0.029566606506705284,0.0,0.0
000000209753.jpg,0.5199999809265137,0.5199999809265137,0.501156747341156,0.029629778116941452,0.0,0.0
000000209757.jpg,0.5199999809265137,0.5199999809265137,0.5011330842971802,0.029609989374876022,0.0,0.0
000000209829.jpg,0.5199999809265137,0.5199999809265137,0.5011188983917236,0.029597153887152672,0.0,0.0
000000209972.jpg,0.5199999809265137,0.5199999809265137,0.5011009573936462,0.029562823474407196,0.0,0.0
000000210030.jpg,0.5199999809265137,0.5199999809265137,0.5011115670204163,0.029584359377622604,0.0,0.0
000000210032.jpg,0.5199999809265137,0.5199999809265137,0.5011250972747803,0.02961505390703678,0.0,0.0
000000210099.jpg,0.5199999809265137,0.5199999809265137,0.5011624693870544,0.02964823879301548,0.0,0.0
000000210230.jpg,0.5199999809265137,0.5199999809265137,0.5011435747146606,0.02963234856724739,0.0,0.0
000000210273.jpg,0.5199999809265137,0.5199999809265137,0.5011393427848816,0.029600748792290688,0.0,0.0
000000210299.jpg,0.5199999809265137,0.5199999809265137,0.5011047720909119,0.029573921114206314,0.0,0.0
000000210388.jpg,0.5199999809265137,0.5199999809265137,0.5011008977890015,0.029552225023508072,0.0,0.0
000000210394.jpg,0.5199999809265137,0.5199999809265137,0.5011316537857056,0.02959420159459114,0.0,0.0
000000210502.jpg,0.5199999809265137,0.5199999809265137,0.5011460781097412,0.029605602845549583,0.0,0.0
000000210520.jpg,0.5199999809265137,0.5199999809265137,0.5011354684829712,0.029618816450238228,0.0,0.0
000000210708.jpg,0.5199999809265137,0.5199999809265137,0.5011405944824219,0.02962220087647438,0.0,0.0
000000210789.jpg,0.5199999809265137,0.5199999809265137,0.501124382019043,0.029601341113448143,0.0,0.0
000000210855.jpg,0.5199999809265137,0.5199999809265137,0.5011438727378845,0.02963697910308838,0.0,0.0
000000210915.jpg,0.5199999809265137,0.5199999809265137,0.5010980367660522,0.029562024399638176,0.0,0.0
000000211042.jpg,0.5199999809265137,0.5199999809265137,0.5011423230171204,0.029628552496433258,0.0,0.0
000000211069.jpg,0.5199999809265137,0.5199999809265137,0.5011345744132996,0.02962084300816059,0.0,0.0
000000211120.jpg,0.5199999809265137,0.5199999809265137,0.5011329650878906,0.029612010344862938,0.0,0.0
000000211674.jpg,0.5199999809265137,0.5199999809265137,0.5011276006698608,0.029585177078843117,0.0,0.0
000000211825.jpg,0.5199999809265137,0.5199999809265137,0.5011191368103027,0.029592866078019142,0.0,0.0
000000212072.jpg,0.5199999809265137,0.5199999809265137,0.50111985206604,0.029596302658319473,0.0,0.0
000000212166.jpg,0.5199999809265137,0.5199999809265137,0.5011234283447266,0.02962215058505535,0.0,0.0
000000212226.jpg,0.5199999809265137,0.5199999809265137,0.5011299252510071,0.029603570699691772,0.0,0.0
000000212453.jpg,0.5199999809265137,0.5199999809265137,0.5011669993400574,0.029642285779118538,0.0,0.0
000000212559.jpg,0.5199999809265137,0.5199999809265137,0.5011268258094788,0.029604343697428703,0.0,0.0
000000212573.jpg,0.5199999809265137,0.5199999809265137,0.5011228919029236,0.02958565577864647,0.0,0.0
000000212800.jpg,0.5199999809265137,0.5199999809265137,0.5011346340179443,0.029607681557536125,0.0,0.0
000000212895.jpg,0.5199999809265137,0.5199999809265137,0.501118004322052,0.029580987989902496,0.0,0.0
000000213033.jpg,0.5199999809265137,0.5199999809265137,0.5011446475982666,0.02960810996592045,0.0,0.0
000000213035.jpg,0.5199999809265137,0.5199999809265137,0.5011627078056335,0.0296336580067873,0.0,0.0
000000213086.jpg,0.5199999809265137,0.5199999809265137,0.5011289119720459,0.029598645865917206,0.0,0.0
000000213171.jpg,0.5199999809265137,0.5199999809265137,0.5011109113693237,0.029576942324638367,0.0,0.0
000000213224.jpg,0.5199999809265137,0.5199999809265137,0.5011319518089294,0.02962062694132328,0.0,0.0
000000213255.jpg,0.5199999809265137,0.5199999809265137,0.5011570453643799,0.029635677114129066,0.0,0.0
000000213422.jpg,0.5199999809265137,0.5199999809265137,0.5011459589004517,0.029614562168717384,0.0,0.0
000000213445.jpg,0.5199999809265137,0.5199999809265137,0.5011392831802368,0.029624737799167633,0.0,0.0
000000213547.jpg,0.5199999809265137,0.5199999809265137,0.501149594783783,0.029627464711666107,0.0,0.0
000000213593.jpg,0.5199999809265137,0.5199999809265137,0.5011664032936096,0.029643267393112183,0.0,0.0
000000213605.jpg,0.5199999809265137,0.5199999809265137,0.5011160969734192,0.02957802452147007,0.0,0.0
000000213816.jpg,0.5199999809265137,0.5199999809265137,0.5011172294616699,0.02958785556256771,0.0,0.0
000000213830.jpg,0.5199999809265137,0.5199999809265137,0.5011435151100159,0.029624303802847862,0.0,0.0
000000213935.jpg,0.5199999809265137,0.5199999809265137,0.5011239647865295,0.02962639555335045,0.0,0.0
000000214192.jpg,0.5199999809265137,0.5199999809265137,0.5011258721351624,0.029615623876452446,0.0,0.0
000000214200.jpg,0.5199999809265137,0.5199999809265137,0.5011245608329773,0.02961084619164467,0.0,0.0
000000214205.jpg,0.5199999809265137,0.5199999809265137,0.501101016998291,0.029580039903521538,0.0,0.0
000000214224.jpg,0.5199999809265137,0.5199999809265137,0.5011390447616577,0.02962080016732216,0.0,0.0
000000214539.jpg,0.5199999809265137,0.5199999809265137,0.5011457800865173,0.0296153724193573,0.0,0.0
000000214703.jpg,0.5199999809265137,0.5199999809265137,0.5011188983917236,0.02959526516497135,0.0,0.0
000000214720.jpg,0.5199999809265137,0.5199999809265137,0.5011304616928101,0.029609408229589462,0.0,0.0
000000214753.jpg,0.5199999809265137,0.5199999809265137,0.5011033415794373,0.029568519443273544,0.0,0.0
000000214869.jpg,0.5199999809265137,0.5199999809265137,0.5011436939239502,0.02961592562496662,0.0,0.0
000000215072.jpg,0.5199999809265137,0.5199999809265137,0.5011258721351624,0.029604196548461914,0.0,0.0
000000215114.jpg,0.5199999809265137,0.5199999809265137,0.501129150390625,0.029603762552142143,0.0,0.0
000000215245.jpg,0.5199999809265137,0.5199999809265137,0.5011087656021118,0.029585791751742363,0.0,0.0
000000215259.jpg,0.5199999809265137,0.5199999809265137,0.501127302646637,0.0296151302754879,0.0,0.0
000000215644.jpg,0.5199999809265137,0.5199999809265137,0.5011329054832458,0.02961444854736328,0.0,0.0
000000215723.jpg,0.5199999809265137,0.5199999809265137,0.5011311173439026,0.02961903065443039,0.0,0.0
000000215778.jpg,0.5199999809265137,0.5199999809265137,0.5011283755302429,0.02959965355694294,0.0,0.0
000000216277.jpg,0.5199999809265137,0.5199999809265137,0.5011107921600342,0.0295945405960083,0.0,0.0
000000216296.jpg,0.5199999809265137,0.5199999809265137,0.5011280179023743,0.029604744166135788,0.0,0.0
000000216419.jpg,0.5199999809265137,0.5199999809265137,0.501118540763855,0.029576363041996956,0.0,0.0
000000216497.jpg,0.5199999809265137,0.5199999809265137,0.5011281967163086,0.02960108034312725,0.0,0.0
000000216516.jpg,0.5199999809265137,0.5199999809265137,0.5011158585548401,0.02957787737250328,0.0,0.0
000000216636.jpg,0.5199999809265137,0.5199999809265137,0.5011686086654663,0.02966281771659851,0.0,0.0
000000216739.jpg,0.5199999809265137,0.5199999809265137,0.5011041760444641,0.029562711715698242,0.0,0.0
000000217060.jpg,0.5199999809265137,0.5199999809265137,0.5010963082313538,0.029621610417962074,0.0,0.0
000000217219.jpg,0.5199999809265137,0.5199999809265137,0.5011128187179565,0.029599661007523537,0.0,0.0
000000217285.jpg,0.5199999809265137,0.5199999809265137,0.5011123418807983,0.029596900567412376,0.0,0.0
000000217400.jpg,0.5199999809265137,0.5199999809265137,0.5011373162269592,0.02960420958697796,0.0,0.0
000000217425.jpg,0.5099999904632568,0.5099999904632568,0.5011535286903381,0.029653260484337807,0.0,0.0
000000217614.jpg,0.5199999809265137,0.5199999809265137,0.5011434555053711,0.029628191143274307,0.0,0.0
000000217753.jpg,0.5199999809265137,0.5199999809265137,0.5011234283447266,0.02960274927318096,0.0,0.0
000000217872.jpg,0.5099999904632568,0.5099999904632568,0.5011435151100159,0.029663806781172752,0.0,0.0
000000217948.jpg,0.5199999809265137,0.5199999809265137,0.5011555552482605,0.029627954587340355,0.0,0.0
000000217957.jpg,0.5199999809265137,0.5199999809265137,0.5011333227157593,0.029598496854305267,0.0,0.0
000000218091.jpg,0.5199999809265137,0.5199999809265137,0.5011420845985413,0.02962096408009529,0.0,0.0
000000218249.jpg,0.5199999809265137,0.5199999809265137,0.5011230707168579,0.029632840305566788,0.0,0.0
000000218362.jpg,0.5199999809265137,0.5199999809265137,0.5011476278305054,0.029625752940773964,0.0,0.0
000000218424.jpg,0.5199999809265137,0.5199999809265137,0.5011159777641296,0.029606830328702927,0.0,0.0
000000218439.jpg,0.5199999809265137,0.5199999809265137,0.5011283159255981,0.02959933690726757,0.0,0.0
000000218997.jpg,0.5199999809265137,0.5199999809265137,0.5011392831802368,0.029612189158797264,0.0,0.0
000000219271.jpg,0.5199999809265137,0.5199999809265137,0.5011138319969177,0.029575709253549576,0.0,0.0
000000219283.jpg,0.5199999809265137,0.5199999809265137,0.5011472105979919,0.02960924617946148,0.0,0.0
000000219440.jpg,0.5199999809265137,0.5199999809265137,0.5011363625526428,0.02959120273590088,0.0,0.0
000000219485.jpg,0.5199999809265137,0.5199999809265137,0.5011352300643921,0.029609913006424904,0.0,0.0
000000219578.jpg,0.5199999809265137,0.5199999809265137,0.5011163353919983,0.029619358479976654,0.0,0.0
000000220310.jpg,0.5199999809265137,0.5199999809265137,0.50115567445755,0.029627790674567223,0.0,0.0
000000220584.jpg,0.5199999809265137,0.5199999809265137,0.5011005401611328,0.029570095241069794,0.0,0.0
000000220732.jpg,0.5199999809265137,0.5199999809265137,0.5011194348335266,0.029584135860204697,0.0,0.0
000000220764.jpg,0.5199999809265137,0.5199999809265137,0.5010887980461121,0.029555456712841988,0.0,0.0
000000220858.jpg,0.5199999809265137,0.5199999809265137,0.5011200308799744,0.02959606982767582,0.0,0.0
000000221017.jpg,0.5199999809265137,0.5199999809265137,0.5011232495307922,0.02959170751273632,0.0,0.0
000000221155.jpg,0.5199999809265137,0.5199999809265137,0.5011520981788635,0.02962336502969265,0.0,0.0
000000221213.jpg,0.5199999809265137,0.5199999809265137,0.5011383891105652,0.029615439474582672,0.0,0.0
000000221281.jpg,0.5199999809265137,0.5199999809265137,0.5011327266693115,0.029618458822369576,0.0,0.0
000000221291.jpg,0.5199999809265137,0.5199999809265137,0.5010920763015747,0.029567798599600792,0.0,0.0
000000221502.jpg,0.5199999809265137,0.5199999809265137,0.5011215209960938,0.029601488262414932,0.0,0.0
000000221693.jpg,0.5199999809265137,0.5199999809265137,0.5011404156684875,0.029614023864269257,0.0,0.0
000000221708.jpg,0.5199999809265137,0.5199999809265137,0.5011338591575623,0.02962511032819748,0.0,0.0
000000221754.jpg,0.5199999809265137,0.5199999809265137,0.5011132955551147,0.02957267127931118,0.0,0.0
000000221872.jpg,0.5199999809265137,0.5199999809265137,0.5011187791824341,0.029624568298459053,0.0,0.0
000000222094.jpg,0.5199999809265137,0.5199999809265137,0.5011245608329773,0.02959936112165451,0.0,0.0
000000222118.jpg,0.5199999809265137,0.5199999809265137,0.5011001229286194,0.029549594968557358,0.0,0.0
000000222235.jpg,0.5199999809265137,0.5199999809265137,0.5011225938796997,0.029605722054839134,0.0,0.0
000000222299.jpg,0.5199999809265137,0.5199999809265137,0.501139760017395,0.02962171658873558,0.0,0.0
000000222317.jpg,0.5199999809265137,0.5199999809265137,0.5011259317398071,0.029611116275191307,0.0,0.0
000000222455.jpg,0.5199999809265137,0.5199999809265137,0.5011453032493591,0.029638327658176422,0.0,0.0
000000222458.jpg,0.5199999809265137,0.5199999809265137,0.5011098384857178,0.02957530878484249,0.0,0.0
000000222559.jpg,0.5199999809265137,0.5199999809265137,0.5010999441146851,0.029570655897259712,0.0,0.0
000000222735.jpg,0.5199999809265137,0.5199999809265137,0.501152515411377,0.029618605971336365,0.0,0.0
000000222825.jpg,0.5199999809265137,0.5199999809265137,0.5011122822761536,0.029602868482470512,0.0,0.0
000000222863.jpg,0.5199999809265137,0.5199999809265137,0.5011453032493591,0.029618503525853157,0.0,0.0
000000222991.jpg,0.5199999809265137,0.5199999809265137,0.5011164546012878,0.02958010323345661,0.0,0.0
000000223090.jpg,0.5199999809265137,0.5199999809265137,0.5011199712753296,0.029602136462926865,0.0,0.0
000000223130.jpg,0.5199999809265137,0.5199999809265137,0.5011247396469116,0.02960158698260784,0.0,0.0
000000223182.jpg,0.5199999809265137,0.5199999809265137,0.5011165142059326,0.02959984540939331,0.0,0.0
000000223188.jpg,0.5199999809265137,0.5199999809265137,0.5011371970176697,0.029615070670843124,0.0,0.0
000000223738.jpg,0.5199999809265137,0.5199999809265137,0.5011274814605713,0.029600195586681366,0.0,0.0
000000223747.jpg,0.5199999809265137,0.5199999809265137,0.5011691451072693,0.029645675793290138,0.0,0.0
000000223789.jpg,0.5199999809265137,0.5199999809265137,0.5011149644851685,0.029615048319101334,0.0,0.0
000000223955.jpg,0.5199999809265137,0.5199999809265137,0.5011528134346008,0.02962261624634266,0.0,0.0
000000223959.jpg,0.5199999809265137,0.5199999809265137,0.5011259317398071,0.02960371971130371,0.0,0.0
000000224051.jpg,0.5199999809265137,0.5199999809265137,0.5010970830917358,0.029561767354607582,0.0,0.0
000000224093.jpg,0.5199999809265137,0.5199999809265137,0.5011315941810608,0.029597539454698563,0.0,0.0
000000224119.jpg,0.5099999904632568,0.5099999904632568,0.5011743307113647,0.029654592275619507,0.0,0.0
000000224200.jpg,0.5199999809265137,0.5199999809265137,0.5011423230171204,0.02962661162018776,0.0,0.0
000000224222.jpg,0.5199999809265137,0.5199999809265137,0.501104474067688,0.029575983062386513,0.0,0.0
000000224337.jpg,0.5199999809265137,0.5199999809265137,0.5011387467384338,0.029614465311169624,0.0,0.0
000000224664.jpg,0.5199999809265137,0.5199999809265137,0.5011196136474609,0.029573645442724228,0.0,0.0
000000224675.jpg,0.5199999809265137,0.5199999809265137,0.5011245012283325,0.029595045372843742,0.0,0.0
000000224724.jpg,0.5199999809265137,0.5199999809265137,0.5011297464370728,0.029597939923405647,0.0,0.0
000000224807.jpg,0.5199999809265137,0.5199999809265137,0.5011522769927979,0.029631296172738075,0.0,0.0
000000225184.jpg,0.5199999809265137,0.5199999809265137,0.5011277198791504,0.02962047979235649,0.0,0.0
000000225405.jpg,0.5199999809265137,0.5199999809265137,0.5011212229728699,0.02961464412510395,0.0,0.0
000000225532.jpg,0.5199999809265137,0.5199999809265137,0.5011365413665771,0.029593948274850845,0.0,0.0
000000225670.jpg,0.5199999809265137,0.5199999809265137,0.5010989904403687,0.02956767939031124,0.0,0.0
000000225757.jpg,0.5199999809265137,0.5199999809265137,0.5011398196220398,0.029613269492983818,0.0,0.0
000000225946.jpg,0.5199999809265137,0.5199999809265137,0.5011160969734192,0.029591403901576996,0.0,0.0
000000226058.jpg,0.5199999809265137,0.5199999809265137,0.5011323690414429,0.029627488926053047,0.0,0.0
000000226111.jpg,0.5199999809265137,0.5199999809265137,0.5011218786239624,0.02959473617374897,0.0,0.0
000000226130.jpg,0.5199999809265137,0.5199999809265137,0.5011360049247742,0.029642080888152122,0.0,0.0
000000226147.jpg,0.5199999809265137,0.5199999809265137,0.5011325478553772,0.02961295284330845,0.0,0.0
000000226154.jpg,0.5199999809265137,0.5199999809265137,0.5011409521102905,0.029599353671073914,0.0,0.0
000000226171.jpg,0.5199999809265137,0.5199999809265137,0.5011338591575623,0.029607724398374557,0.0,0.0
000000226408.jpg,0.5199999809265137,0.5199999809265137,0.5011329650878906,0.029592378064990044,0.0,0.0
000000226417.jpg,0.5199999809265137,0.5199999809265137,0.5011202692985535,0.0295928493142128,0.0,0.0
000000226592.jpg,0.5199999809265137,0.5199999809265137,0.5011259913444519,0.029622601345181465,0.0,0.0
000000226662.jpg,0.5199999809265137,0.5199999809265137,0.501156747341156,0.02962828055024147,0.0,0.0
000000226802.jpg,0.5199999809265137,0.5199999809265137,0.5011324286460876,0.02958638034760952,0.0,0.0
000000226883.jpg,0.5199999809265137,0.5199999809265137,0.5011375546455383,0.02960650809109211,0.0,0.0
000000226903.jpg,0.5199999809265137,0.5199999809265137,0.5011304616928101,0.02959463931620121,0.0,0.0
000000226984.jpg,0.5199999809265137,0.5199999809265137,0.5011388063430786,0.029630081728100777,0.0,0.0
000000227044.jpg,0.5199999809265137,0.5199999809265137,0.5011128783226013,0.029614491388201714,0.0,0.0
000000227187.jpg,0.5199999809265137,0.5199999809265137,0.5011149644851685,0.02959582209587097,0.0,0.0
000000227399.jpg,0.5199999809265137,0.5199999809265137,0.501140832901001,0.02961149625480175,0.0,0.0
000000227478.jpg,0.5199999809265137,0.5199999809265137,0.5011345744132996,0.02960827760398388,0.0,0.0
000000227482.jpg,0.5199999809265137,0.5199999809265137,0.5011656880378723,0.029640784487128258,0.0,0.0
000000227491.jpg,0.5199999809265137,0.5199999809265137,0.5011281967163086,0.029598988592624664,0.0,0.0
000000227511.jpg,0.5199999809265137,0.5199999809265137,0.5011262893676758,0.029585517942905426,0.0,0.0
000000227686.jpg,0.5199999809265137,0.5199999809265137,0.5011574625968933,0.029635151848196983,0.0,0.0
000000227765.jpg,0.5199999809265137,0.5199999809265137,0.5011332631111145,0.02964034304022789,0.0,0.0
000000227898.jpg,0.5199999809265137,0.5199999809265137,0.5011130571365356,0.02958216518163681,0.0,0.0
000000227985.jpg,0.5199999809265137,0.5199999809265137,0.5011199712753296,0.029610678553581238,0.0,0.0
000000228144.jpg,0.5199999809265137,0.5199999809265137,0.5011298060417175,0.02959240786731243,0.0,0.0
000000228214.jpg,0.5199999809265137,0.5199999809265137,0.5011453628540039,0.029613539576530457,0.0,0.0
000000228436.jpg,0.5199999809265137,0.5199999809265137,0.501126229763031,0.029597925022244453,0.0,0.0
000000228771.jpg,0.5199999809265137,0.5199999809265137,0.5011557340621948,0.029629411175847054,0.0,0.0
000000228942.jpg,0.5199999809265137,0.5199999809265137,0.5011357665061951,0.029608113691210747,0.0,0.0
000000228981.jpg,0.5199999809265137,0.5199999809265137,0.5011102557182312,0.029578356072306633,0.0,0.0
000000229111.jpg,0.5199999809265137,0.5199999809265137,0.5011481642723083,0.029618995264172554,0.0,0.0
000000229216.jpg,0.5199999809265137,0.5199999809265137,0.5011265873908997,0.029621925204992294,0.0,0.0
000000229221.jpg,0.5199999809265137,0.5199999809265137,0.5011348724365234,0.02959033101797104,0.0,0.0
000000229311.jpg,0.5199999809265137,0.5199999809265137,0.5011441111564636,0.02961818128824234,0.0,0.0
000000229358.jpg,0.5199999809265137,0.5199999809265137,0.5011205077171326,0.02959620952606201,0.0,0.0
000000229553.jpg,0.5199999809265137,0.5199999809265137,0.5011116862297058,0.029587458819150925,0.0,0.0
000000229601.jpg,0.5199999809265137,0.5199999809265137,0.5011409521102905,0.029658393934369087,0.0,0.0
000000229659.jpg,0.5199999809265137,0.5199999809265137,0.5011308789253235,0.02961779572069645,0.0,0.0
000000229747.jpg,0.5199999809265137,0.5199999809265137,0.5011138916015625,0.02960255555808544,0.0,0.0
