image_id,psnr,mse,ssim,lpips
000000173091.jpg,48.53353500366211,5.6066935940179974e-05,0.99989986,0.00038638937985524535
000000173183.jpg,48.59088134765625,5.533147123060189e-05,0.99975604,0.00018016796093434095
000000173302.jpg,48.57132339477539,5.558116754400544e-05,0.9995844,0.0007460569613613188
000000173371.jpg,48.54937744140625,5.586276529356837e-05,0.99981004,0.0002565173781476915
000000173383.jpg,48.58234405517578,5.5440319556510076e-05,0.99817246,0.0004217909008730203
000000173799.jpg,48.55332946777344,5.5811964557506144e-05,0.9999018,0.0002499344409443438
000000173830.jpg,48.53559112548828,5.604035686701536e-05,0.9998207,0.0006778574897907674
000000174004.jpg,48.575340270996094,5.552982838707976e-05,0.99986583,0.00026644833269529045
000000174018.jpg,48.56242370605469,5.569522545556538e-05,0.9999028,0.0002867420553229749
000000174123.jpg,48.55561065673828,5.57825987925753e-05,0.9997371,0.00022512857685796916
000000174231.jpg,48.661964416503906,5.443313784780912e-05,0.9961161,0.0005398025969043374
000000174371.jpg,48.58027648925781,5.5466716730734333e-05,0.99971724,0.0002288061223225668
000000174482.jpg,48.578948974609375,5.548370972974226e-05,0.9995411,0.0006304088165052235
000000175251.jpg,48.5625,5.5694217735435814e-05,0.99975723,0.0004014392616227269
000000175364.jpg,48.642364501953125,5.4679359891451895e-05,0.9997437,0.000433268491178751
000000175387.jpg,48.55622863769531,5.577470801654272e-05,0.9983247,0.00043216004269197583
000000175438.jpg,48.554359436035156,5.5798729590605944e-05,0.9998112,0.0004653959767892957
000000175443.jpg,48.58739471435547,5.537591641768813e-05,0.99882966,0.00035635195672512054
000000175535.jpg,48.552223205566406,5.5826210882514715e-05,0.99971193,0.00023340269399341196
000000176037.jpg,48.579490661621094,5.54767029825598e-05,0.9996912,0.000874740129802376
000000176232.jpg,48.809783935546875,5.2611569117289037e-05,0.9998781,0.0002373600291321054
000000176446.jpg,48.60618209838867,5.513686846825294e-05,0.9975509,0.000544485985301435
000000176606.jpg,48.556884765625,5.5766256991773844e-05,0.9998319,0.00029665828333236277
000000176634.jpg,48.55817794799805,5.57496641704347e-05,0.9998835,0.00024234471493400633
000000176701.jpg,48.562644958496094,5.569236964220181e-05,0.9997933,0.0007054309826344252
000000176778.jpg,48.566890716552734,5.563796003116295e-05,0.9988713,0.0008221394382417202
000000176799.jpg,48.57107162475586,5.558436896535568e-05,0.99963284,0.0005372630548663437
000000176847.jpg,48.5552978515625,5.5786658776924014e-05,0.99980634,0.00020651289378292859
000000176857.jpg,48.55525207519531,5.578724085353315e-05,0.99985963,0.0009384700679220259
000000176901.jpg,48.54777526855469,5.5883425375213847e-05,0.9998513,0.0008618209976702929
000000177015.jpg,48.58081817626953,5.545976455323398e-05,0.99924785,0.0007663315627723932
000000177065.jpg,48.55144119262695,5.583623351412825e-05,0.9997876,0.0001369351812172681
000000177213.jpg,48.7423095703125,5.343539669411257e-05,0.98771745,0.0005074480432085693
000000177357.jpg,48.547523498535156,5.5886568588903174e-05,0.9999196,0.0006144758081063628
000000177383.jpg,48.65404510498047,5.453251287690364e-05,0.9959562,0.0003798228863161057
000000177489.jpg,48.56041717529297,5.572095324168913e-05,0.9996276,0.0003713417099788785
000000177539.jpg,48.547813415527344,5.5882916058180854e-05,0.9996607,0.0004903795197606087
000000177714.jpg,48.93461227416992,5.112092912895605e-05,0.9951615,0.00019706611055880785
000000177861.jpg,48.56482696533203,5.5664433602942154e-05,0.9997087,0.0006966643850319088
000000177893.jpg,48.743743896484375,5.341779251466505e-05,0.9999024,0.0005650098319165409
000000177934.jpg,48.589176177978516,5.5353171774186194e-05,0.99962217,0.0003985108050983399
000000177935.jpg,48.55070495605469,5.584571044892073e-05,0.9998929,0.0006193275330588222
000000178028.jpg,48.664581298828125,5.440040695248172e-05,0.9934292,0.000617716577835381
000000178469.jpg,48.55583953857422,5.577968477155082e-05,0.99945736,0.0003549176617525518
000000178618.jpg,48.54973220825195,5.585817780229263e-05,0.999731,0.0007273579249158502
000000178744.jpg,48.56496810913086,5.566255276789889e-05,0.9998369,0.0005362963420338929
000000178982.jpg,48.68266677856445,5.4174335673451424e-05,0.99120903,0.0006884078029543161
000000179112.jpg,49.09614181518555,4.9254529585596174e-05,0.99019724,0.00020688552467618138
000000179141.jpg,49.18415451049805,4.8266330850310624e-05,0.97943574,0.0007246030145324767
000000179174.jpg,48.55455780029297,5.579611752182245e-05,0.99981254,0.0010732816299423575
000000179214.jpg,48.56037521362305,5.5721462558722124e-05,0.999849,0.0003126175724901259
000000179265.jpg,48.57368469238281,5.555091775022447e-05,0.9991999,0.000675035931635648
000000179285.jpg,48.56731414794922,5.563252489082515e-05,0.9997067,0.00011722467024810612
000000179392.jpg,48.69460678100586,5.4025578720029444e-05,0.99600315,0.0011184199247509241
000000179487.jpg,48.587562561035156,5.537372635444626e-05,0.9992409,0.0002538671833463013
000000179642.jpg,48.55997085571289,5.572669761022553e-05,0.9997189,0.00030745824915356934
000000179653.jpg,48.60247039794922,5.518397665582597e-05,0.99974823,0.0006470764637924731
000000179765.jpg,48.56379699707031,5.567757034441456e-05,0.9998889,0.0007650675834156573
000000179898.jpg,48.57231903076172,5.556845280807465e-05,0.9995398,0.000421980454120785
000000180011.jpg,48.566749572753906,5.563974264077842e-05,0.9998471,0.0007272856892086565
000000180101.jpg,48.61128234863281,5.50721597392112e-05,0.9952998,0.0003579593321774155
000000180135.jpg,50.59191131591797,3.4903507184935734e-05,0.983414,0.00027582875918596983
000000180188.jpg,48.824012756347656,5.243949999567121e-05,0.99975944,0.00095721724210307
000000180296.jpg,48.60165023803711,5.5194406741065904e-05,0.9979345,0.0009481392917223275
000000180383.jpg,48.57019805908203,5.5595555750187486e-05,0.9994693,0.000529422250110656
000000180487.jpg,48.592254638671875,5.531396163860336e-05,0.99965954,0.0004254421510268003
000000180560.jpg,48.59531021118164,5.5275053455261514e-05,0.9977355,0.0010132938623428345
000000180751.jpg,48.561485290527344,5.57072416995652e-05,0.99967533,0.00043105473741889
000000180792.jpg,48.5487060546875,5.5871380027383566e-05,0.9997862,0.0006493383552879095
000000180798.jpg,48.551536560058594,5.583498204941861e-05,0.99981743,0.0002820172521751374
000000180878.jpg,48.692054748535156,5.405733099905774e-05,0.99007815,0.0006652816664427519
000000181303.jpg,48.569618225097656,5.5603064538445324e-05,0.99981576,0.0005864334525540471
000000181421.jpg,48.55974197387695,5.57296079932712e-05,0.99988365,0.0008087216410785913
000000181499.jpg,48.56639862060547,5.5644253734499216e-05,0.9995089,0.00037610105937346816
000000181542.jpg,48.588340759277344,5.536382013815455e-05,0.9995044,0.0006659284699708223
000000181666.jpg,48.655059814453125,5.451979814097285e-05,0.9985965,0.00035222931182943285
000000181753.jpg,48.56712341308594,5.563496597460471e-05,0.9990792,0.000725986436009407
000000181796.jpg,48.55992126464844,5.572725785896182e-05,0.9996896,0.0005536054377444088
000000181816.jpg,48.54460144042969,5.592419984168373e-05,0.9999213,0.00040483594057150185
000000181859.jpg,48.548072814941406,5.587949635810219e-05,0.9995377,0.00014272125554271042
000000181969.jpg,48.57665252685547,5.551303911488503e-05,0.9936245,0.0002472475462127477
000000182021.jpg,48.54198455810547,5.5957916629267856e-05,0.99985766,0.0004987585125491023
000000182155.jpg,48.55458068847656,5.579584831139073e-05,0.9983948,0.00026169378543272614
000000182162.jpg,48.56467819213867,5.566629988607019e-05,0.99890304,0.0002717277384363115
000000182202.jpg,48.54347229003906,5.5938780860742554e-05,0.99978846,0.0005491506308317184
000000182417.jpg,48.54583740234375,5.5908309150254354e-05,0.99916315,0.0005411576712504029
000000182441.jpg,48.53507614135742,5.6047058023978025e-05,0.9999463,0.0006883491296321154
000000182611.jpg,48.57684326171875,5.551060166908428e-05,0.9997377,0.0005789660499431193
000000182805.jpg,48.569602966308594,5.560317003983073e-05,0.9996357,0.0005739314947277308
000000182923.jpg,48.55039978027344,5.58495448785834e-05,0.9998563,0.00019249117758590728
000000183049.jpg,48.5572624206543,5.576142211793922e-05,0.9998781,0.00023464705736842006
000000183104.jpg,48.56587219238281,5.5650947615504265e-05,0.9991912,0.0006343504646793008
000000183127.jpg,48.55377960205078,5.580614015343599e-05,0.9998719,0.000726327474694699
000000183246.jpg,48.60279846191406,5.5179796618176624e-05,0.9983556,0.0007032912690192461
000000183391.jpg,48.5692024230957,5.560833960771561e-05,0.9984382,0.0006019740249030292
000000183437.jpg,48.5575065612793,5.575828981818631e-05,0.9998295,0.0006613678997382522
000000183500.jpg,48.564353942871094,5.5670487199677154e-05,0.9998667,0.0005255165742710233
000000183648.jpg,48.56626892089844,5.5645894462941214e-05,0.99980897,0.0008078233222477138
000000183675.jpg,48.56246566772461,5.56946724827867e-05,0.99978894,0.0004209286125842482
000000183709.jpg,48.59813690185547,5.523907020688057e-05,0.99963933,0.0006730866152793169
000000183716.jpg,48.61210632324219,5.5061635066522285e-05,0.99965996,0.0002977076801471412
000000183965.jpg,49.05510330200195,4.972212991560809e-05,0.99099416,0.0005559166893362999
000000184321.jpg,48.56991195678711,5.559924102271907e-05,0.99957824,0.0009575024014338851
000000184324.jpg,48.58806228637695,5.536735989153385e-05,0.99938136,0.001124148489907384
000000184338.jpg,48.55956268310547,5.573193629970774e-05,0.9997398,0.0003725725691765547
000000184384.jpg,48.60218048095703,5.518769467016682e-05,0.9980681,0.00032673636451363564
000000184400.jpg,48.55924606323242,5.5735970818204805e-05,0.9998212,0.0007215593359433115
000000184611.jpg,48.576629638671875,5.5513297411380336e-05,0.9992077,0.0004973243921995163
000000184762.jpg,48.68064880371094,5.419953231466934e-05,0.99350476,0.00021603345521725714
000000184791.jpg,48.55121994018555,5.5839045671746135e-05,0.9998973,0.00038228710764087737
000000184978.jpg,48.537574768066406,5.601478915195912e-05,0.9999125,0.0006312349578365684
000000185157.jpg,48.568199157714844,5.562118167290464e-05,0.9991364,0.00028050225228071213
000000185250.jpg,48.57176208496094,5.557556505664252e-05,0.9996403,0.0002487005840521306
000000185292.jpg,48.54744338989258,5.5887630878714845e-05,0.9996474,0.0002928620087914169
000000185409.jpg,48.54998016357422,5.5855005484772846e-05,0.9998788,0.00021530322555918247
000000185472.jpg,48.58988952636719,5.534415686270222e-05,0.99981946,0.00023115688236430287
000000185473.jpg,48.680076599121094,5.420665183919482e-05,0.9884897,0.0010579274967312813
000000185599.jpg,48.93546676635742,5.111091741127893e-05,0.9904239,0.00018868903862312436
000000185802.jpg,48.61767578125,5.499110193341039e-05,0.99808663,0.00027224348741583526
000000185890.jpg,48.58150863647461,5.545096792047843e-05,0.99939495,0.0005094402586109936
000000185950.jpg,48.58197021484375,5.544510713662021e-05,0.99838805,0.0005646705976687372
000000186042.jpg,48.79144287109375,5.283432255964726e-05,0.99641556,0.000734928238671273
000000186282.jpg,48.589664459228516,5.5346979934256524e-05,0.99904656,0.0004572322650346905
000000186296.jpg,48.57027053833008,5.559468627325259e-05,0.9997942,0.00042124936589971185
000000186345.jpg,48.54751968383789,5.588665226241574e-05,0.9998619,0.0002562731388024986
000000186422.jpg,48.557472229003906,5.57587445655372e-05,0.99985266,0.0008972976356744766
000000186449.jpg,48.63315200805664,5.479552419274114e-05,0.99863297,0.0012295221677049994
000000186624.jpg,48.62724685668945,5.4870011808816344e-05,0.9996831,0.0006372476927936077
000000186632.jpg,48.571075439453125,5.558432167163119e-05,0.99898475,0.0006440409342758358
000000186637.jpg,48.56603240966797,5.564895036513917e-05,0.99969155,0.0002340886858291924
000000186873.jpg,48.56662368774414,5.5641372455284e-05,0.9994319,0.000589994597248733
000000186929.jpg,48.61610794067383,5.501091800397262e-05,0.99783725,0.00020615510584320873
000000186938.jpg,48.557010650634766,5.576468538492918e-05,0.9998891,0.0012255380861461163
000000186980.jpg,48.55086898803711,5.584353857557289e-05,0.9998884,0.00029346172232180834
000000187055.jpg,48.54819869995117,5.5877950217109174e-05,0.9997552,0.0004207759629935026
000000187144.jpg,48.61771011352539,5.499067992786877e-05,0.99977833,0.0006188534898683429
000000187236.jpg,49.987083435058594,4.011917189927772e-05,0.9752116,0.0007533075986430049
000000187243.jpg,48.68904495239258,5.4094776714919135e-05,0.9998646,0.0005259967292658985
000000187249.jpg,48.761024475097656,5.320568016031757e-05,0.9820147,0.0007804906344972551
000000187271.jpg,48.55540466308594,5.578534910455346e-05,0.9997838,0.0006416180985979736
000000187362.jpg,48.5438117980957,5.593438254436478e-05,0.99988765,0.0013347280910238624
000000187513.jpg,48.56011199951172,5.5724813137203455e-05,0.99970984,0.0005525033338926733
000000187585.jpg,48.57781982421875,5.5498076108051464e-05,0.9993555,0.00047818711027503014
000000187734.jpg,48.559146881103516,5.57372513867449e-05,0.9997089,0.000361126905772835
000000187745.jpg,48.54117965698242,5.596832124865614e-05,0.9998322,0.00036051066126674414
000000187990.jpg,48.54650115966797,5.5899799917824566e-05,0.9997449,0.0004978535580448806
000000188296.jpg,48.55827331542969,5.574847455136478e-05,0.9997907,0.00020939437672495842
000000188439.jpg,48.56499099731445,5.5662254453636706e-05,0.99972993,0.000401634955778718
000000188465.jpg,48.64654541015625,5.462676563183777e-05,0.9989371,0.0004908094415441155
000000188592.jpg,48.5672607421875,5.563318700296804e-05,0.99967986,0.0005772305885329843
000000188689.jpg,48.727821350097656,5.361393778002821e-05,0.9979579,0.0016498498152941465
000000188906.jpg,48.55568313598633,5.5781740229576826e-05,0.9997075,0.0005027808365412056
000000189078.jpg,48.590484619140625,5.5336546211037785e-05,0.9978041,0.0006043997127562761
000000189213.jpg,48.571678161621094,5.5576630984432995e-05,0.9989824,0.0005050307372584939
000000189226.jpg,48.55869674682617,5.574301758315414e-05,0.99983627,0.0007368676015175879
000000189310.jpg,48.8172721862793,5.252101618680172e-05,0.99560565,0.0005311478162184358
000000189436.jpg,48.55241394042969,5.5823686125222594e-05,0.99979854,0.0007420489564538002
000000189451.jpg,48.57242965698242,5.556700489250943e-05,0.99946624,0.0010067470138892531
000000189475.jpg,48.5592041015625,5.5736534704919904e-05,0.99984837,0.0004861358611378819
000000189698.jpg,48.59571838378906,5.5269862059503794e-05,0.9986991,0.00030123707256279886
000000189752.jpg,48.57044219970703,5.559246346820146e-05,0.99945074,0.0006211587460711598
000000189775.jpg,48.544639587402344,5.592370143858716e-05,0.99988914,0.00034333494841121137
000000189806.jpg,48.57575988769531,5.5524469644296914e-05,0.9981024,0.00032890948932617903
000000189820.jpg,48.609310150146484,5.5097159929573536e-05,0.9997483,0.0004103696846868843
000000189828.jpg,48.519927978515625,5.624286859529093e-05,0.9998705,0.00026992795756086707
000000190007.jpg,48.54671096801758,5.5897064157761633e-05,0.99969035,0.00035142447450198233
000000190140.jpg,48.575531005859375,5.552738002734259e-05,0.999573,0.0005352740408852696
000000190236.jpg,48.68609619140625,5.4131578508531675e-05,0.99889344,0.0006834823871031404
000000190307.jpg,48.543548583984375,5.59377767785918e-05,0.9995737,0.0004256821994204074
000000190637.jpg,48.576019287109375,5.5521079048048705e-05,0.99932474,0.000579184154048562
000000190648.jpg,48.81511688232422,5.2547024097293615e-05,0.9835741,0.0007368963561020792
000000190676.jpg,48.669944763183594,5.4333271691575646e-05,0.99916744,0.0004572623874992132
000000190753.jpg,48.57261276245117,5.556469113798812e-05,0.9995642,0.0007887615356594324
000000190756.jpg,48.53120422363281,5.6096992921084166e-05,0.99984884,0.0003325396974105388
000000190841.jpg,48.54045867919922,5.5977609008550644e-05,0.9997291,0.0006361143896356225
000000190853.jpg,48.5585823059082,5.57444836886134e-05,0.99984676,0.0007082693045958877
000000190923.jpg,48.56324768066406,5.568463166127913e-05,0.99977714,0.0005368566489778459
000000191013.jpg,48.54323959350586,5.59417785552796e-05,0.9996764,0.00023380914353765547
000000191288.jpg,48.55781555175781,5.5754335335223004e-05,0.9997209,0.00040571021963842213
000000191471.jpg,48.54634094238281,5.590177534031682e-05,0.9996937,0.00022791215451434255
000000191580.jpg,48.55698013305664,5.576498733717017e-05,0.9981206,0.00013306098117027432
000000191614.jpg,48.55582809448242,5.577983392868191e-05,0.99908286,0.000281735003227368
000000191672.jpg,48.53097915649414,5.6099896028172225e-05,0.9998417,0.00047017374890856445
000000191761.jpg,48.60012435913086,5.521383718587458e-05,0.99836785,0.00035974508500657976
000000191845.jpg,48.55882263183594,5.574139504460618e-05,0.9998193,0.000287965580355376
000000192047.jpg,48.548160552978516,5.587845225818455e-05,0.9998539,0.0016225489089265466
000000192191.jpg,48.57193374633789,5.557338590733707e-05,0.9976516,0.0004929786664433777
000000192607.jpg,48.57428741455078,5.5543321650475264e-05,0.9988722,0.0005103630828671157
000000192670.jpg,48.5468864440918,5.589481952483766e-05,0.99988085,0.0003070671809837222
000000192699.jpg,48.56395721435547,5.5675525800324976e-05,0.9996794,0.0004049966810271144
000000192716.jpg,48.553348541259766,5.581171717494726e-05,0.9989217,0.00022147467825561762
000000192871.jpg,48.75980758666992,5.322054494172335e-05,0.99354964,0.000766781740821898
000000192904.jpg,48.56438064575195,5.567010884988122e-05,0.9998291,0.0003384130832273513
000000192964.jpg,48.90718078613281,5.1444854761939496e-05,0.9920857,0.0015023050364106894
000000193162.jpg,48.55799102783203,5.575203613261692e-05,0.99987316,0.0004972197348251939
000000193181.jpg,48.551979064941406,5.582926678471267e-05,0.9998308,0.0002612397656776011
000000193245.jpg,48.547176361083984,5.589107604464516e-05,0.999872,0.0002941815182566643
000000193348.jpg,48.5475959777832,5.588566273218021e-05,0.99984103,0.00023199596034828573
000000193429.jpg,48.52238464355469,5.621098534902558e-05,0.9999047,0.0003889845684170723
000000193494.jpg,48.56087112426758,5.571509973378852e-05,0.99898964,0.00022491069103125483
000000193674.jpg,48.612369537353516,5.505831722985022e-05,0.998162,0.001182657084427774
000000193717.jpg,48.613922119140625,5.503867214429192e-05,0.9997356,0.0006493917899206281
000000193743.jpg,48.57470703125,5.553793380386196e-05,0.9987274,0.0003055599518120289
000000193884.jpg,48.5518798828125,5.583056918112561e-05,0.99987555,0.0005439647939056158
000000193926.jpg,48.76869583129883,5.3111707529751584e-05,0.99889064,0.00039857649244368076
000000194216.jpg,48.57095718383789,5.5585864174645394e-05,0.9998705,0.000658729812130332
000000194471.jpg,48.62058639526367,5.4954260122030973e-05,0.9982271,0.00028849710361100733
000000194506.jpg,48.58415985107422,5.541713835555129e-05,0.9995205,0.000755694811232388
000000194716.jpg,48.56315994262695,5.5685784900560975e-05,0.9997964,0.0005376986227929592
000000194724.jpg,48.56874465942383,5.5614182201679796e-05,0.99939424,0.00027422505081631243
000000194746.jpg,48.58697509765625,5.5381264246534556e-05,0.99967164,0.0013122890377417207
000000194832.jpg,49.032005310058594,4.998726581106894e-05,0.9945119,0.000575461657717824
000000194875.jpg,48.6064453125,5.513352152775042e-05,0.997297,0.00035283196484670043
000000194940.jpg,48.619041442871094,5.497382881003432e-05,0.99703294,0.00032028474379330873
000000195045.jpg,48.564231872558594,5.567196785705164e-05,0.99970955,0.00042393742478452623
000000195165.jpg,48.6312255859375,5.481982952915132e-05,0.99607605,0.0007828554371371865
000000195754.jpg,48.630393981933594,5.483031418407336e-05,0.99622005,0.0006684230756945908
000000195842.jpg,48.619224548339844,5.497154779732227e-05,0.9965263,0.00042359690996818244
000000195918.jpg,48.951026916503906,5.0928119890158996e-05,0.9938092,0.0006239987560547888
000000196009.jpg,48.5623779296875,5.5695731134619564e-05,0.99876976,0.00025227252626791596
000000196141.jpg,48.568119049072266,5.5622214858885854e-05,0.9994891,0.00027303569368086755
000000196185.jpg,48.53835678100586,5.600468648481183e-05,0.9997847,0.0008170425426214933
000000196442.jpg,48.50980758666992,5.6374032283201814e-05,0.9998712,0.0006030687945894897
000000196754.jpg,48.56686019897461,5.5638338380958885e-05,0.9995093,0.00024180993204936385
000000196759.jpg,48.63963317871094,5.471380427479744e-05,0.99810076,0.0004242651048116386
000000196843.jpg,48.55659103393555,5.57700805075001e-05,0.99964637,0.0002901350671891123
000000197004.jpg,48.558433532714844,5.574636088567786e-05,0.99952906,0.00026890976005233824
000000197022.jpg,48.547645568847656,5.588508065557107e-05,0.9998295,0.0003612496657297015
000000197388.jpg,48.52781677246094,5.614075780613348e-05,0.9998834,0.0003169439150951803
000000197528.jpg,48.55015563964844,5.5852706282166764e-05,0.9999092,0.0008225117926485837
000000197658.jpg,48.573341369628906,5.5555341532453895e-05,0.9997552,0.000367585860658437
000000197796.jpg,48.55352783203125,5.580936704063788e-05,0.9998574,0.0007699020206928253
000000197870.jpg,48.93968963623047,5.106123717268929e-05,0.987556,0.0005583923775702715
000000198489.jpg,48.552635192871094,5.582082667388022e-05,0.99987584,0.0008134039235301316
000000198510.jpg,48.696311950683594,5.400437657954171e-05,0.99352664,0.00040872051613405347
000000198641.jpg,48.746498107910156,5.33838574483525e-05,0.99476004,0.0006001524743624032
000000198805.jpg,48.60014343261719,5.52135388716124e-05,0.99817705,0.0001891615684144199
000000198915.jpg,48.55042266845703,5.5849341151770204e-05,0.999882,0.00018508797802496701
000000198928.jpg,48.542579650878906,5.595022230409086e-05,0.99982834,0.0008180108270607889
000000198960.jpg,48.56201934814453,5.570038774749264e-05,0.9999078,0.001032717409543693
000000199055.jpg,48.55051040649414,5.58482097403612e-05,0.9998967,0.000505627307575196
000000199236.jpg,48.59247589111328,5.531108399736695e-05,0.9964762,0.0003458379942458123
000000199310.jpg,48.63309860229492,5.479622632265091e-05,0.99748284,0.0002660073805600405
000000199395.jpg,48.543094635009766,5.5943608458619565e-05,0.9998551,0.000445594429038465
000000199442.jpg,48.52959060668945,5.61178894713521e-05,0.9998873,0.0005191654781810939
000000199551.jpg,48.56056213378906,5.571907968260348e-05,0.9998676,0.00040911894757300615
000000199681.jpg,48.603187561035156,5.5174867156893015e-05,0.99591136,0.001374653191305697
000000199771.jpg,48.56730651855469,5.5632623116252944e-05,0.99948835,0.0005031909677200019
000000199977.jpg,48.534854888916016,5.6049895647447556e-05,0.99985313,0.0003306080761831254
000000200152.jpg,49.24449920654297,4.76003551739268e-05,0.9650952,0.0010567710269242525
000000200162.jpg,48.56074523925781,5.5716718634357676e-05,0.99980736,0.00048027237062342465
000000200252.jpg,48.55508804321289,5.578939453698695e-05,0.9997246,0.0009119505411945283
000000200421.jpg,48.59132766723633,5.532578506972641e-05,0.9986566,0.0007975335465744138
000000200667.jpg,48.55513000488281,5.5788783356547356e-05,0.9998501,0.0008849896257743239
000000200839.jpg,48.55186462402344,5.583076199400239e-05,0.999873,0.00026644417084753513
000000200961.jpg,48.54133605957031,5.596629489446059e-05,0.9999215,0.00048406815039925277
000000201025.jpg,48.64617919921875,5.463135312311351e-05,0.9974287,0.0008585309842601418
000000201072.jpg,48.55713653564453,5.57630555704236e-05,0.9998501,0.00027283193776383996
000000201148.jpg,48.54507064819336,5.591818626271561e-05,0.9998143,0.00046784718870185316
000000201418.jpg,48.578468322753906,5.548983972403221e-05,0.99975085,0.0006983598577789962
000000201426.jpg,48.55539321899414,5.578541458817199e-05,0.9996473,0.00019094969320576638
000000201646.jpg,48.55808639526367,5.5750795581843704e-05,0.99982494,0.00040651162271387875
000000201676.jpg,48.547019958496094,5.5893084208946675e-05,0.9999056,0.00021868612384423614
000000201775.jpg,48.554168701171875,5.580117431236431e-05,0.99979454,0.00045976974070072174
000000201934.jpg,48.554710388183594,5.5794189393054694e-05,0.99979395,0.00029993036878295243
000000202001.jpg,48.595218658447266,5.5276177590712905e-05,0.9962611,0.0006957953446544707
000000202228.jpg,48.60213851928711,5.51882476429455e-05,0.99759245,0.0015087525825947523
000000202339.jpg,48.62821578979492,5.485777364810929e-05,0.99745345,0.0008355780737474561
000000202445.jpg,48.576847076416016,5.551051435759291e-05,0.9963343,0.0005905249854549766
000000203095.jpg,48.5391960144043,5.5993870773818344e-05,0.99983835,0.000514285929966718
000000203294.jpg,48.588279724121094,5.536454773391597e-05,0.99975634,0.0011217385763302445
000000203317.jpg,48.55876922607422,5.5742111726431176e-05,0.9998636,0.0004766920756082982
000000203389.jpg,48.62644958496094,5.4880081734154373e-05,0.9999123,0.0004109496367163956
000000203488.jpg,48.571807861328125,5.557496479013935e-05,0.99955004,0.0005833220784552395
000000203546.jpg,48.56074523925781,5.5716733186272904e-05,0.99988365,0.0008142596925608814
000000203580.jpg,48.56614685058594,5.564749881159514e-05,0.999352,0.0005878854426555336
000000203629.jpg,48.853118896484375,5.2089220844209194e-05,0.9955104,0.0006964426138438284
000000203639.jpg,48.552757263183594,5.581930963671766e-05,0.99989915,0.00021602031483780593
000000203864.jpg,48.554100036621094,5.580200377153233e-05,0.9998937,0.0002235647989436984
000000203931.jpg,48.66373062133789,5.4411004384746775e-05,0.99877405,0.0001805435458663851
000000204186.jpg,48.58405685424805,5.54184771317523e-05,0.99969906,0.0002494484942872077
000000204329.jpg,48.64290237426758,5.4672604164807126e-05,0.9989576,0.0003036722191609442
000000204871.jpg,48.5723876953125,5.556757241720334e-05,0.9985819,0.0003775199584197253
000000205105.jpg,48.7360954284668,5.351191430236213e-05,0.99166936,0.0014384458772838116
000000205282.jpg,48.548282623291016,5.5876836995594203e-05,0.9998267,0.0005348603590391576
000000205289.jpg,48.578277587890625,5.549226625589654e-05,0.99953836,0.001167371985502541
000000205324.jpg,48.55659484863281,5.5770022299839184e-05,0.9998885,0.0006856380496174097
000000205333.jpg,48.53070831298828,5.610341759165749e-05,0.9998789,0.000640817335806787
000000205401.jpg,48.85374069213867,5.2081839385209605e-05,0.9998555,0.0009847580222412944
000000205514.jpg,48.58238220214844,5.5439857533201575e-05,0.9998856,0.00024975158157758415
000000205542.jpg,48.55900573730469,5.5738986702635884e-05,0.9998824,0.0007858666940592229
000000205647.jpg,48.53319549560547,5.6071261496981606e-05,0.99989897,0.00045909686014056206
000000205776.jpg,48.55854415893555,5.574496026383713e-05,0.9997633,0.0008119215490296483
000000205834.jpg,48.58141326904297,5.5452179367421195e-05,0.9996839,0.0006861293222755194
000000206025.jpg,48.626190185546875,5.488345050252974e-05,0.9965772,0.00034791603684425354
000000206027.jpg,48.55944061279297,5.5733507906552404e-05,0.9997115,0.0003759331302717328
000000206135.jpg,48.851341247558594,5.211055395193398e-05,0.9998842,0.00037190699367783964
000000206218.jpg,48.63212585449219,5.480844993144274e-05,0.99913496,0.0008861394599080086
000000206271.jpg,48.549617767333984,5.5859647545730695e-05,0.999824,0.00014482808182947338
000000206411.jpg,48.55980682373047,5.572877125814557e-05,0.99981403,0.0010641415137797594
000000206487.jpg,48.6435546875,5.4664385970681906e-05,0.9996918,0.0002807288838084787
000000206579.jpg,48.59028244018555,5.5339070968329906e-05,0.998831,0.001781746163032949
000000206831.jpg,48.615692138671875,5.501622217707336e-05,0.9983034,0.00036890103365294635
000000206838.jpg,48.55045700073242,5.584888276644051e-05,0.99985904,0.00037529930705204606
000000206994.jpg,48.56962203979492,5.5602977226953954e-05,0.99948055,0.00047539646038785577
000000207306.jpg,48.56718063354492,5.563422746490687e-05,0.99976724,0.0009350317995995283
000000207538.jpg,48.571617126464844,5.557742770179175e-05,0.99919677,0.00052495306590572
000000207585.jpg,48.55455780029297,5.5796139349695295e-05,0.9998254,0.00046931306133046746
000000207728.jpg,48.5387077331543,5.600012082140893e-05,0.99981314,0.0005160668515600264
000000207844.jpg,48.56033706665039,5.5721960961818695e-05,0.99937266,0.00031458045123144984
000000208208.jpg,48.553009033203125,5.58160463697277e-05,0.99988127,0.0006141488556750119
000000208363.jpg,48.562713623046875,5.5691500165266916e-05,0.9997964,0.0003968208038713783
000000208423.jpg,48.54313278198242,5.59431136935018e-05,0.99985856,0.00036709298728965223
000000208901.jpg,48.54013442993164,5.598176358034834e-05,0.99983424,0.0015238361665979028
000000209142.jpg,48.54909896850586,5.5866388720460236e-05,0.9998687,0.000220074929529801
000000209222.jpg,48.579246520996094,5.5479886214016005e-05,0.9991823,0.0012056200066581368
000000209530.jpg,48.587615966796875,5.537300603464246e-05,0.99900556,0.0005697630112990737
000000209613.jpg,48.578792572021484,5.548563785851002e-05,0.9996678,0.0007715271203778684
000000209747.jpg,48.53123092651367,5.609661093330942e-05,0.99989384,0.0005732619320042431
000000209753.jpg,48.66685485839844,5.4371950682252645e-05,0.99418837,0.0008605570183135569
000000209757.jpg,48.661033630371094,5.444483758765273e-05,0.9998742,0.0010670609772205353
000000209829.jpg,48.57794952392578,5.549646448343992e-05,0.9998664,0.0006178090116009116
000000209972.jpg,48.53015899658203,5.611054803011939e-05,0.99986786,0.0007697202963754535
000000210030.jpg,48.54374313354492,5.593525565927848e-05,0.9998682,0.0011045533465221524
000000210032.jpg,48.56424331665039,5.567188418353908e-05,0.9996883,0.0004318513092584908
000000210099.jpg,48.711631774902344,5.381419759942219e-05,0.99490243,0.0009684836259111762
000000210230.jpg,48.7628173828125,5.318371404428035e-05,0.9978399,0.0003587677492760122
000000210273.jpg,49.49524688720703,4.4929875002708286e-05,0.9930404,0.0006568714743480086
000000210299.jpg,48.53990173339844,5.598479037871584e-05,0.9998637,0.0005360713694244623
000000210388.jpg,48.523193359375,5.620060255751014e-05,0.9997868,0.0006503246841020882
000000210394.jpg,48.55767822265625,5.575611430685967e-05,0.999804,0.0011588165070861578
000000210502.jpg,48.6613655090332,5.444072303362191e-05,0.99535245,0.0010967111447826028
000000210520.jpg,48.57756042480469,5.550144851440564e-05,0.9995332,0.00029288133373484015
000000210708.jpg,48.566200256347656,5.564682578551583e-05,0.99980354,0.0006855787360109389
000000210789.jpg,48.59959411621094,5.522048377315514e-05,0.9993322,0.00040339792030863464
000000210855.jpg,48.670692443847656,5.432390025816858e-05,0.9955984,0.00046418257988989353
000000210915.jpg,48.565616607666016,5.565427272813395e-05,0.99988455,0.0008208309300243855
000000211042.jpg,48.5701789855957,5.559581040870398e-05,0.9996462,0.0005521764396689832
000000211069.jpg,48.56079864501953,5.5715994676575065e-05,0.99983245,0.00034964721999131143
000000211120.jpg,48.571128845214844,5.5583685025339946e-05,0.9998355,0.00032222960726357996
000000211674.jpg,48.559261322021484,5.573576709139161e-05,0.998589,0.0005446944269351661
000000211825.jpg,48.5529670715332,5.581660661846399e-05,0.99978083,0.0008063830900937319
000000212072.jpg,48.556556701660156,5.577047704719007e-05,0.9998509,0.0004661018610931933
000000212166.jpg,48.577056884765625,5.550788409891538e-05,0.9998612,0.00025321319117210805
000000212226.jpg,48.91250228881836,5.138188134878874e-05,0.99642545,0.0003627192636486143
000000212453.jpg,48.591304779052734,5.532609793590382e-05,0.9994195,0.0011363272788003087
000000212559.jpg,48.56658935546875,5.564179446082562e-05,0.99966574,0.0009820538107305765
000000212573.jpg,48.55036163330078,5.5850126955192536e-05,0.9998972,0.0006914712721481919
000000212800.jpg,48.56752395629883,5.562981459661387e-05,0.9997197,0.00041714328108355403
000000212895.jpg,48.54520797729492,5.5916389101184905e-05,0.9998695,0.00039348116843029857
000000213033.jpg,48.57286834716797,5.556138057727367e-05,0.999273,0.0007496177568100393
000000213035.jpg,48.93223190307617,5.114893428981304e-05,0.9900511,0.0009372233180329204
000000213086.jpg,48.55560302734375,5.5782729759812355e-05,0.9997576,0.0005185142508707941
000000213171.jpg,48.53931427001953,5.599234646069817e-05,0.99991816,0.00040667428402230144
000000213224.jpg,48.5734748840332,5.5553653510287404e-05,0.9987914,0.0002600426960270852
000000213255.jpg,48.66455841064453,5.440062523121014e-05,0.9937749,0.0006437415140680969
000000213422.jpg,48.57746505737305,5.550265632336959e-05,0.9994991,0.0011012539034709334
000000213445.jpg,48.69408416748047,5.4032068874221295e-05,0.9976359,0.00024314654001500458
000000213547.jpg,48.57707214355469,5.550766218220815e-05,0.9990732,0.0006073976401239634
000000213593.jpg,48.64005661010742,5.470847827382386e-05,0.9977706,0.0007118150824680924
000000213605.jpg,48.54495620727539,5.591967419604771e-05,0.99985486,0.00029655793332494795
000000213816.jpg,48.54872131347656,5.587119812844321e-05,0.9998552,0.0005525987362489104
000000213830.jpg,48.56855010986328,5.56167506147176e-05,0.99983215,0.00041465635877102613
000000213935.jpg,48.625640869140625,5.489035902428441e-05,0.99624544,0.0002912902273237705
000000214192.jpg,48.68106460571289,5.41943300049752e-05,0.9997506,0.0005234770360402763
000000214200.jpg,48.566402435302734,5.564417733694427e-05,0.99853224,0.0004982967511750758
000000214205.jpg,48.541141510009766,5.5968826927710325e-05,0.99983764,0.003146975301206112
000000214224.jpg,48.566593170166016,5.564171806327067e-05,0.9994533,0.0004942539380863309
000000214539.jpg,48.574462890625,5.55410333618056e-05,0.99943894,0.0009969377424567938
000000214703.jpg,48.55377960205078,5.580615106737241e-05,0.99994344,0.0005934098735451698
000000214720.jpg,48.567169189453125,5.5634322052355856e-05,0.9997706,0.00047482934314757586
000000214753.jpg,48.534889221191406,5.604942998616025e-05,0.9998794,0.0005881329998373985
000000214869.jpg,48.568912506103516,5.561206489801407e-05,0.9993842,0.000509713776409626
000000215072.jpg,48.55836868286133,5.57472521904856e-05,0.99948454,0.0005488189053721726
000000215114.jpg,48.558929443359375,5.574000169872306e-05,0.999554,0.0007068233680911362
000000215245.jpg,48.536285400390625,5.603141471510753e-05,0.9998798,0.0003674694162327796
000000215259.jpg,48.579654693603516,5.547462933463976e-05,0.9990924,0.00046802108408883214
000000215644.jpg,48.56223678588867,5.569760105572641e-05,0.9997212,0.0009429491474293172
000000215723.jpg,48.5753059387207,5.5530235840706155e-05,0.9995397,0.000307233480270952
000000215778.jpg,48.5777473449707,5.549904744839296e-05,0.999518,0.0004075226024724543
000000216277.jpg,48.548667907714844,5.587183841271326e-05,0.9998366,0.0008043178822845221
000000216296.jpg,48.55845642089844,5.574615715886466e-05,0.9996755,0.0004032005090266466
000000216419.jpg,48.600990295410156,5.520282866200432e-05,0.9995946,0.0002836091734934598
000000216497.jpg,48.56111526489258,5.571197470999323e-05,0.9997309,0.001119700144045055
000000216516.jpg,48.542903900146484,5.594607500825077e-05,0.99985856,0.0008737448370084167
000000216636.jpg,49.12940216064453,4.8878759116632864e-05,0.9776945,0.0005311595159582794
000000216739.jpg,48.5289192199707,5.6126526033040136e-05,0.99969536,0.0005037263035774231
000000217060.jpg,48.54099655151367,5.5970664107007906e-05,0.9998445,0.00017859082436189055
000000217219.jpg,48.54889678955078,5.5868917115731165e-05,0.999803,0.0006553914863616228
000000217285.jpg,48.54724884033203,5.589010470430367e-05,0.9999278,0.00018531372188590467
000000217400.jpg,48.564151763916016,5.567303378484212e-05,0.99977636,0.0009568576351739466
000000217425.jpg,48.57872772216797,5.5486452765762806e-05,0.992472,0.00013298852718435228
000000217614.jpg,48.56816864013672,5.5621574574615806e-05,0.99983644,0.0004573021433316171
000000217753.jpg,48.56169891357422,5.5704509577481076e-05,0.9997015,0.000257528037764132
000000217872.jpg,48.57319259643555,5.555722600547597e-05,0.9995238,0.00036985997576266527
000000217948.jpg,48.6079216003418,5.5114760471042246e-05,0.9981184,0.00055544642964378
000000217957.jpg,48.69868850708008,5.397484346758574e-05,0.999712,0.00030606845393776894
000000218091.jpg,48.56763458251953,5.56284467165824e-05,0.9987529,0.0005803437670692801
000000218249.jpg,48.60974884033203,5.509157199412584e-05,0.9967752,0.00023761206830386072
000000218362.jpg,48.9830322265625,5.05542047903873e-05,0.99485993,0.00033598236041143537
000000218424.jpg,48.54829788208008,5.587667692452669e-05,0.999929,0.00026607041945680976
000000218439.jpg,48.5714111328125,5.558006523642689e-05,0.99983555,0.000435368885518983
000000218997.jpg,48.5688362121582,5.5613083532080054e-05,0.99976593,0.00032860669307410717
000000219271.jpg,48.54543685913086,5.591347871813923e-05,0.999886,0.0011369168059900403
000000219283.jpg,48.6299934387207,5.4835370974615216e-05,0.9984245,0.0018427952891215682
000000219440.jpg,48.576473236083984,5.551530557568185e-05,0.99919057,0.0014948828611522913
000000219485.jpg,48.564735412597656,5.566555046243593e-05,0.9998107,0.000661463534925133
000000219578.jpg,48.55552673339844,5.57837265660055e-05,0.999857,0.00024118227884173393
000000220310.jpg,49.09921646118164,4.921963409287855e-05,0.99441093,0.0006786357844248414
000000220584.jpg,48.532596588134766,5.607903585769236e-05,0.99992085,0.000934553740080446
000000220732.jpg,48.54827117919922,5.587700798059814e-05,0.9999037,0.00060318224132061
000000220764.jpg,48.53955078125,5.5989290558500215e-05,0.9998901,0.0007456437451764941
000000220858.jpg,48.55381774902344,5.5805645388318226e-05,0.9998806,0.0007851305417716503
000000221017.jpg,48.551326751708984,5.5837717809481546e-05,0.9996788,0.0005922479904256761
000000221155.jpg,48.630653381347656,5.482706910697743e-05,0.99928904,0.0012700303923338652
000000221213.jpg,48.57710266113281,5.550727291847579e-05,0.99874145,0.0007753223762847483
000000221281.jpg,48.59060287475586,5.533498915610835e-05,0.99971676,0.0004400338511914015
000000221291.jpg,48.51374053955078,5.632297688862309e-05,0.9998436,0.0004523257666733116
000000221502.jpg,48.551025390625,5.584153041127138e-05,0.99987906,0.0005170846125110984
000000221693.jpg,48.565216064453125,5.565935862250626e-05,0.99982786,0.0003884781908709556
000000221708.jpg,48.57754135131836,5.550165587919764e-05,0.9979918,0.0003770733601413667
000000221754.jpg,48.639495849609375,5.4715499572921544e-05,0.9998633,0.0007499634521082044
000000221872.jpg,48.56611251831055,5.564794264500961e-05,0.9993996,0.00013109833525959402
000000222094.jpg,48.55373764038086,5.580664947046898e-05,0.9997592,0.00035875412868335843
000000222118.jpg,48.52571487426758,5.616797716356814e-05,0.9997937,0.0007243248983286321
000000222235.jpg,48.55198287963867,5.58292304049246e-05,0.9999023,0.0003664308460429311
000000222299.jpg,48.56840133666992,5.561858415603638e-05,0.99952203,0.00036643020575866103
000000222317.jpg,48.556854248046875,5.5766693549230695e-05,0.99968606,0.0007144712144508958
000000222455.jpg,49.27088928222656,4.731201261165552e-05,0.9814064,0.0001482933439547196
000000222458.jpg,48.53958511352539,5.5988813983276486e-05,0.99990016,0.0006592364516109228
000000222559.jpg,48.53714370727539,5.6020315241767094e-05,0.99990535,0.0015771591570228338
000000222735.jpg,48.586326599121094,5.5389547924278304e-05,0.99447536,0.0015453813830390573
000000222825.jpg,48.54911804199219,5.586609404417686e-05,0.9998241,0.0007169675081968307
000000222863.jpg,48.643131256103516,5.4669741075485945e-05,0.9980665,0.00039270304841920733
000000222991.jpg,48.5734748840332,5.555366078624502e-05,0.9986308,0.000455034663900733
000000223090.jpg,48.549556732177734,5.58604187972378e-05,0.9998605,0.000402455945732072
000000223130.jpg,48.55427551269531,5.5799740948714316e-05,0.9998527,0.0007134302286431193
000000223182.jpg,48.55239486694336,5.582396261161193e-05,0.9994237,0.00015235974569804966
000000223188.jpg,48.56372833251953,5.567845073528588e-05,0.99985105,0.0005639833398163319
000000223738.jpg,48.561458587646484,5.5707547289785e-05,0.9994623,0.0003070631355512887
000000223747.jpg,48.59808349609375,5.5239739594981074e-05,0.9984855,0.0021798606030642986
000000223789.jpg,48.577720642089844,5.549935303861275e-05,0.99886626,0.0002000261883949861
000000223955.jpg,48.579673767089844,5.547446198761463e-05,0.9989443,0.00048157793935388327
000000223959.jpg,48.55537414550781,5.5785632866900414e-05,0.99980026,0.00042831350583583117
000000224051.jpg,48.803829193115234,5.268381937639788e-05,0.99985266,0.0004936517216265202
000000224093.jpg,48.55659866333008,5.5769945902284235e-05,0.9998855,0.0013361889868974686
000000224119.jpg,48.59962844848633,5.522006540559232e-05,0.9984955,0.0007489348063245416
000000224200.jpg,48.56845474243164,5.561787111219019e-05,0.99958295,0.0007054759189486504
000000224222.jpg,48.537750244140625,5.601252632914111e-05,0.9998455,0.0004100722726434469
000000224337.jpg,48.92003631591797,5.1292809075675905e-05,0.9964786,0.0005065594450570643
000000224664.jpg,48.54741668701172,5.588800922851078e-05,0.9997926,0.0008176793344318867
000000224675.jpg,48.567596435546875,5.562891601584852e-05,0.99924684,0.000615864060819149
000000224724.jpg,48.62887954711914,5.484943903866224e-05,0.9988329,0.00045532581862062216
000000224807.jpg,48.58560562133789,5.539866106119007e-05,0.9980518,0.00048016945947892964
000000225184.jpg,48.5532341003418,5.5813165090512484e-05,0.9998253,0.0001806263462640345
000000225405.jpg,48.5533561706543,5.581162258749828e-05,0.99949354,0.00012955455167684704
000000225532.jpg,48.56427764892578,5.5671436712145805e-05,0.99925804,0.0008546669851057231
000000225670.jpg,48.52607345581055,5.616334965452552e-05,0.99987847,0.00031348891207017004
000000225757.jpg,48.574440002441406,5.554132803808898e-05,0.9991653,0.0003020644944626838
000000225946.jpg,48.55527877807617,5.578691707341932e-05,0.99965745,0.0005319777992554009
000000226058.jpg,48.5645751953125,5.566756590269506e-05,0.99957865,0.0008251679828390479
000000226111.jpg,48.594940185546875,5.527971006813459e-05,0.99923277,0.00033673978759907186
000000226130.jpg,49.046600341796875,4.98195513500832e-05,0.98167926,0.0002995927643496543
000000226147.jpg,48.580177307128906,5.546790634980425e-05,0.9991614,0.0005790124414488673
000000226154.jpg,48.5657844543457,5.565212632063776e-05,0.99948484,0.0012465722393244505
000000226171.jpg,48.655094146728516,5.451934703160077e-05,0.9962624,0.00042293217848055065
000000226408.jpg,48.57243347167969,5.5566961236763746e-05,0.9977348,0.0010207772720605135
000000226417.jpg,48.55122375488281,5.583898018812761e-05,0.999912,0.0006457270355895162
000000226592.jpg,48.571510314941406,5.557876284001395e-05,0.9992006,0.0002292470308020711
000000226662.jpg,48.731082916259766,5.357374175218865e-05,0.99922353,0.0008391867741011083
000000226802.jpg,48.740821838378906,5.345375029719435e-05,0.99977523,0.0006275526247918606
000000226883.jpg,48.61022186279297,5.508555841515772e-05,0.9998347,0.00044110737508162856
000000226903.jpg,48.58544158935547,5.540073470911011e-05,0.99981517,0.0009468019125051796
000000226984.jpg,48.666873931884766,5.437169602373615e-05,0.9957401,0.0002994708775077015
000000227044.jpg,48.54421615600586,5.5929172958713025e-05,0.9996257,0.00014475388161372393
000000227187.jpg,48.54583740234375,5.59082800464239e-05,0.99990654,0.0002666912623681128
000000227399.jpg,48.56645584106445,5.564349703490734e-05,0.99959034,0.0008235916611738503
000000227478.jpg,48.560638427734375,5.571814836002886e-05,0.99980456,0.0009037350537255406
000000227482.jpg,48.592037200927734,5.531670467462391e-05,0.99785423,0.00198235921561718
000000227491.jpg,48.641387939453125,5.469168536365032e-05,0.995492,0.0006487419595941901
000000227511.jpg,48.746124267578125,5.338849950931035e-05,0.9996834,0.00035734439734369516
000000227686.jpg,48.647743225097656,5.461175896925852e-05,0.9951889,0.0006888039642944932
000000227765.jpg,48.696346282958984,5.40039582119789e-05,0.9938688,0.0002445048885419965
000000227898.jpg,48.541526794433594,5.596384289674461e-05,0.9998536,0.0003891656524501741
000000227985.jpg,48.55267333984375,5.582032827078365e-05,0.99982494,0.0004484906676225364
000000228144.jpg,48.58086013793945,5.545924068428576e-05,0.9934551,0.0008961998973973095
000000228214.jpg,48.57624816894531,5.551815775106661e-05,0.99751157,0.0003393600054550916
000000228436.jpg,48.56956100463867,5.560373392654583e-05,0.99978596,0.0005220777820795774
000000228771.jpg,48.60002899169922,5.521500133909285e-05,0.9990308,0.0009399432456120849
000000228942.jpg,48.59135055541992,5.5325461289612576e-05,0.9990444,0.00031547891558147967
000000228981.jpg,48.5460205078125,5.5905955377966166e-05,0.9998552,0.0007126913405954838
000000229111.jpg,48.57379150390625,5.554960443987511e-05,0.99956304,0.0008586561889387667
000000229216.jpg,48.56380081176758,5.567754851654172e-05,0.9997957,0.0002897255471907556
000000229221.jpg,48.74982833862305,5.3342984756454825e-05,0.99807143,0.0010537782218307257
000000229311.jpg,48.57742691040039,5.5503129260614514e-05,0.99914664,0.0008165139006450772
000000229358.jpg,48.58861541748047,5.5360338592436165e-05,0.99963456,0.00036418414674699306
000000229553.jpg,48.55138397216797,5.583695019595325e-05,0.9998493,0.0009897451382130384
000000229601.jpg,48.57839584350586,5.5490731028839946e-05,0.99752235,0.0005292241112329066
000000229659.jpg,48.56035614013672,5.5721749959047884e-05,0.99971396,0.00026948581216856837
000000229747.jpg,48.55055236816406,5.5847602197900414e-05,0.9998248,0.00307428534142673
