image_id,loss_secret,loss_image
000000173091.jpg,0.6949400305747986,5.6066935940179974e-05
000000173183.jpg,0.6949388980865479,5.533147123060189e-05
000000173302.jpg,0.6950060129165649,5.558116754400544e-05
000000173371.jpg,0.6949671506881714,5.586276529356837e-05
000000173383.jpg,0.6950049996376038,5.5440319556510076e-05
000000173799.jpg,0.694993257522583,5.5811964557506144e-05
000000173830.jpg,0.6949253082275391,5.604035686701536e-05
000000174004.jpg,0.6950057148933411,5.552982838707976e-05
000000174018.jpg,0.6949871778488159,5.569522545556538e-05
000000174123.jpg,0.6949787735939026,5.57825987925753e-05
000000174231.jpg,0.6949902176856995,5.4433134209830314e-05
000000174371.jpg,0.6949886679649353,5.546672036871314e-05
000000174482.jpg,0.6949723362922668,5.548370972974226e-05
000000175251.jpg,0.6949992179870605,5.5694217735435814e-05
000000175364.jpg,0.6949827671051025,5.467935625347309e-05
000000175387.jpg,0.6949580311775208,5.577470801654272e-05
000000175438.jpg,0.6949766278266907,5.5798729590605944e-05
000000175443.jpg,0.6950294375419617,5.537591641768813e-05
000000175535.jpg,0.6949673295021057,5.5826210882514715e-05
000000176037.jpg,0.6950196623802185,5.54767029825598e-05
000000176232.jpg,0.6949096322059631,5.2611569117289037e-05
000000176446.jpg,0.6950011253356934,5.513686846825294e-05
000000176606.jpg,0.6949905157089233,5.5766256991773844e-05
000000176634.jpg,0.6949918866157532,5.57496641704347e-05
000000176701.jpg,0.6949856281280518,5.569236964220181e-05
000000176778.jpg,0.6949921250343323,5.563796003116295e-05
000000176799.jpg,0.6950016617774963,5.558436896535568e-05
000000176847.jpg,0.6950022578239441,5.5786658776924014e-05
000000176857.jpg,0.6949834823608398,5.578724085353315e-05
000000176901.jpg,0.6949577331542969,5.5883425375213847e-05
000000177015.jpg,0.6950221061706543,5.545976455323398e-05
000000177065.jpg,0.6949671506881714,5.583623351412825e-05
000000177213.jpg,0.6949801445007324,5.343539669411257e-05
000000177357.jpg,0.6949682235717773,5.5886568588903174e-05
000000177383.jpg,0.695012629032135,5.453251287690364e-05
000000177489.jpg,0.6949828267097473,5.572095324168913e-05
000000177539.jpg,0.6949370503425598,5.5882916058180854e-05
000000177714.jpg,0.6950182914733887,5.112092912895605e-05
000000177861.jpg,0.6949840188026428,5.5664433602942154e-05
000000177893.jpg,0.694927990436554,5.341779251466505e-05
000000177934.jpg,0.694964587688446,5.5353171774186194e-05
000000177935.jpg,0.6949812173843384,5.584571044892073e-05
000000178028.jpg,0.6950168609619141,5.440040695248172e-05
000000178469.jpg,0.6949679255485535,5.577968477155082e-05
000000178618.jpg,0.6949785947799683,5.585817780229263e-05
000000178744.jpg,0.6949529647827148,5.566255276789889e-05
000000178982.jpg,0.6950289607048035,5.4174335673451424e-05
000000179112.jpg,0.6950084567070007,4.9254529585596174e-05
000000179141.jpg,0.6950218081474304,4.8266327212331817e-05
000000179174.jpg,0.6949747800827026,5.579611752182245e-05
000000179214.jpg,0.6949532628059387,5.5721462558722124e-05
000000179265.jpg,0.6949841380119324,5.555091775022447e-05
000000179285.jpg,0.695029079914093,5.563252489082515e-05
000000179392.jpg,0.6950027942657471,5.4025578720029444e-05
000000179487.jpg,0.6950038075447083,5.537372635444626e-05
000000179642.jpg,0.6949877738952637,5.572669761022553e-05
000000179653.jpg,0.6949751377105713,5.518397665582597e-05
000000179765.jpg,0.6949949264526367,5.567757034441456e-05
000000179898.jpg,0.6949892044067383,5.556846008403227e-05
000000180011.jpg,0.6950038075447083,5.563974264077842e-05
000000180101.jpg,0.69500732421875,5.50721597392112e-05
000000180135.jpg,0.6950158476829529,3.4903507184935734e-05
000000180188.jpg,0.6949391961097717,5.243949999567121e-05
000000180296.jpg,0.694989025592804,5.519441037904471e-05
000000180383.jpg,0.6950180530548096,5.5595555750187486e-05
000000180487.jpg,0.6949898600578308,5.531396163860336e-05
000000180560.jpg,0.6950082778930664,5.5275053455261514e-05
000000180751.jpg,0.6949871778488159,5.57072416995652e-05
000000180792.jpg,0.694972813129425,5.5871380027383566e-05
000000180798.jpg,0.69496750831604,5.583498204941861e-05
000000180878.jpg,0.6950007677078247,5.405733099905774e-05
000000181303.jpg,0.6950109601020813,5.560306817642413e-05
000000181421.jpg,0.6950039267539978,5.57296079932712e-05
000000181499.jpg,0.6949803829193115,5.5644253734499216e-05
000000181542.jpg,0.694972038269043,5.536382013815455e-05
000000181666.jpg,0.6949601769447327,5.451979814097285e-05
000000181753.jpg,0.6950076222419739,5.563496597460471e-05
000000181796.jpg,0.6949790716171265,5.572725785896182e-05
000000181816.jpg,0.6949509978294373,5.592419984168373e-05
000000181859.jpg,0.6949869394302368,5.587949635810219e-05
000000181969.jpg,0.6950373649597168,5.551303911488503e-05
000000182021.jpg,0.6949707865715027,5.5957916629267856e-05
000000182155.jpg,0.69498211145401,5.579584831139073e-05
000000182162.jpg,0.6949993968009949,5.566629988607019e-05
000000182202.jpg,0.6949518918991089,5.593877722276375e-05
000000182417.jpg,0.6949654817581177,5.5908309150254354e-05
000000182441.jpg,0.694934070110321,5.6047058023978025e-05
000000182611.jpg,0.6950051188468933,5.551060166908428e-05
000000182805.jpg,0.6949957609176636,5.560317003983073e-05
000000182923.jpg,0.6949856877326965,5.58495448785834e-05
000000183049.jpg,0.6949926018714905,5.576142211793922e-05
000000183104.jpg,0.6949969530105591,5.5650947615504265e-05
000000183127.jpg,0.6949779987335205,5.580614015343599e-05
000000183246.jpg,0.6949177384376526,5.5179796618176624e-05
000000183391.jpg,0.6949864625930786,5.560833960771561e-05
000000183437.jpg,0.6949912905693054,5.575828981818631e-05
000000183500.jpg,0.6949218511581421,5.5670487199677154e-05
000000183648.jpg,0.6949978470802307,5.5645894462941214e-05
000000183675.jpg,0.6949955821037292,5.56946724827867e-05
000000183709.jpg,0.6949813961982727,5.523907020688057e-05
000000183716.jpg,0.6950128078460693,5.5061635066522285e-05
000000183965.jpg,0.6950117349624634,4.972212991560809e-05
000000184321.jpg,0.6949986219406128,5.559924102271907e-05
000000184324.jpg,0.6949837803840637,5.536735989153385e-05
000000184338.jpg,0.6949954628944397,5.573193629970774e-05
000000184384.jpg,0.6949962377548218,5.518769467016682e-05
000000184400.jpg,0.6949829459190369,5.5735970818204805e-05
000000184611.jpg,0.6950039267539978,5.5513297411380336e-05
000000184762.jpg,0.6950251460075378,5.419953231466934e-05
000000184791.jpg,0.6949754357337952,5.5839045671746135e-05
000000184978.jpg,0.6949378252029419,5.601478915195912e-05
000000185157.jpg,0.6949569582939148,5.562118531088345e-05
000000185250.jpg,0.6950079798698425,5.5575568694621325e-05
000000185292.jpg,0.694957435131073,5.5887630878714845e-05
000000185409.jpg,0.694996178150177,5.5855005484772846e-05
000000185472.jpg,0.6949725151062012,5.534415686270222e-05
000000185473.jpg,0.6950286626815796,5.420665183919482e-05
000000185599.jpg,0.6950022578239441,5.111092104925774e-05
000000185802.jpg,0.6949701309204102,5.499110193341039e-05
000000185890.jpg,0.6950218081474304,5.545096064452082e-05
000000185950.jpg,0.6949341297149658,5.544510713662021e-05
000000186042.jpg,0.6949737668037415,5.283432255964726e-05
000000186282.jpg,0.6950052976608276,5.5346979934256524e-05
000000186296.jpg,0.6950079202651978,5.559468627325259e-05
000000186345.jpg,0.6949841380119324,5.588665226241574e-05
000000186422.jpg,0.6949819922447205,5.5758748203516006e-05
000000186449.jpg,0.6950094699859619,5.479552419274114e-05
000000186624.jpg,0.694983184337616,5.4870011808816344e-05
000000186632.jpg,0.695006251335144,5.558432167163119e-05
000000186637.jpg,0.6950065493583679,5.564895036513917e-05
000000186873.jpg,0.6950011253356934,5.5641372455284e-05
000000186929.jpg,0.6949976682662964,5.501091800397262e-05
000000186938.jpg,0.6949989795684814,5.576468538492918e-05
000000186980.jpg,0.694976270198822,5.584353857557289e-05
000000187055.jpg,0.6949816942214966,5.5877950217109174e-05
000000187144.jpg,0.694939911365509,5.499067992786877e-05
000000187236.jpg,0.6950337290763855,4.011917189927772e-05
000000187243.jpg,0.6949412226676941,5.4094765800982714e-05
000000187249.jpg,0.6950242519378662,5.320568016031757e-05
000000187271.jpg,0.6949998140335083,5.578534910455346e-05
000000187362.jpg,0.6949594020843506,5.593438254436478e-05
000000187513.jpg,0.6950019598007202,5.5724813137203455e-05
000000187585.jpg,0.6949995160102844,5.5498076108051464e-05
000000187734.jpg,0.6949858069419861,5.573725502472371e-05
000000187745.jpg,0.6949425935745239,5.596832124865614e-05
000000187990.jpg,0.6949612498283386,5.5899799917824566e-05
000000188296.jpg,0.6949600577354431,5.574847455136478e-05
000000188439.jpg,0.6949848532676697,5.5662254453636706e-05
000000188465.jpg,0.695022463798523,5.462676563183777e-05
000000188592.jpg,0.6949984431266785,5.563317972701043e-05
000000188689.jpg,0.6950180530548096,5.361393778002821e-05
000000188906.jpg,0.6949862241744995,5.5781740229576826e-05
000000189078.jpg,0.6949977874755859,5.5336546211037785e-05
000000189213.jpg,0.6950047612190247,5.5576630984432995e-05
000000189226.jpg,0.694987416267395,5.574301758315414e-05
000000189310.jpg,0.6949774026870728,5.252101618680172e-05
000000189436.jpg,0.6949878334999084,5.582367884926498e-05
000000189451.jpg,0.6950092911720276,5.556700489250943e-05
000000189475.jpg,0.6949875950813293,5.5736534704919904e-05
000000189698.jpg,0.6949995756149292,5.5269862059503794e-05
000000189752.jpg,0.6950041055679321,5.559245983022265e-05
000000189775.jpg,0.6949537992477417,5.592370143858716e-05
000000189806.jpg,0.6949671506881714,5.552447328227572e-05
000000189820.jpg,0.6949741840362549,5.5097159929573536e-05
000000189828.jpg,0.6949054598808289,5.624286859529093e-05
000000190007.jpg,0.6949605345726013,5.5897064157761633e-05
000000190140.jpg,0.6950144171714783,5.552738002734259e-05
000000190236.jpg,0.69499671459198,5.4131578508531675e-05
000000190307.jpg,0.6949267387390137,5.5937780416570604e-05
000000190637.jpg,0.6949712038040161,5.5521079048048705e-05
000000190648.jpg,0.6950278878211975,5.2547024097293615e-05
000000190676.jpg,0.6949688792228699,5.4333271691575646e-05
000000190753.jpg,0.6949962973594666,5.556469477596693e-05
000000190756.jpg,0.6949219107627869,5.6096992921084166e-05
000000190841.jpg,0.6949307918548584,5.597761628450826e-05
000000190853.jpg,0.6949940323829651,5.574448732659221e-05
000000190923.jpg,0.694994330406189,5.568463166127913e-05
000000191013.jpg,0.6949604749679565,5.59417785552796e-05
000000191288.jpg,0.6949809193611145,5.5754335335223004e-05
000000191471.jpg,0.6949432492256165,5.590177534031682e-05
000000191580.jpg,0.6949875950813293,5.576498733717017e-05
000000191614.jpg,0.694972813129425,5.577983392868191e-05
000000191672.jpg,0.6949284076690674,5.6099896028172225e-05
000000191761.jpg,0.6950010657310486,5.5213833547895774e-05
000000191845.jpg,0.6949847936630249,5.574139504460618e-05
000000192047.jpg,0.6949730515480042,5.587845225818455e-05
000000192191.jpg,0.6950011253356934,5.557338590733707e-05
000000192607.jpg,0.6950066089630127,5.5543321650475264e-05
000000192670.jpg,0.6949618458747864,5.589481952483766e-05
000000192699.jpg,0.6949999928474426,5.5675525800324976e-05
000000192716.jpg,0.6949453353881836,5.581171717494726e-05
000000192871.jpg,0.6950047612190247,5.322054494172335e-05
000000192904.jpg,0.6949278116226196,5.567010884988122e-05
000000192964.jpg,0.6950142979621887,5.1444854761939496e-05
000000193162.jpg,0.6950095891952515,5.575203613261692e-05
000000193181.jpg,0.6949904561042786,5.582926678471267e-05
000000193245.jpg,0.6949402689933777,5.589107604464516e-05
000000193348.jpg,0.6949896216392517,5.588566273218021e-05
000000193429.jpg,0.694900393486023,5.621098534902558e-05
000000193494.jpg,0.6949937343597412,5.571509973378852e-05
000000193674.jpg,0.6949797868728638,5.5058320867829025e-05
000000193717.jpg,0.6949785947799683,5.503867214429192e-05
000000193743.jpg,0.6950134038925171,5.553793744184077e-05
000000193884.jpg,0.6949752569198608,5.583056918112561e-05
000000193926.jpg,0.6950063705444336,5.3111707529751584e-05
000000194216.jpg,0.6950169801712036,5.5585864174645394e-05
000000194471.jpg,0.694943368434906,5.4954260122030973e-05
000000194506.jpg,0.6949891448020935,5.541713835555129e-05
000000194716.jpg,0.6949983239173889,5.5685784900560975e-05
000000194724.jpg,0.695002555847168,5.5614182201679796e-05
000000194746.jpg,0.6950234770774841,5.5381264246534556e-05
000000194832.jpg,0.6950060725212097,4.998726581106894e-05
000000194875.jpg,0.6950204372406006,5.513352152775042e-05
000000194940.jpg,0.6950096487998962,5.497382881003432e-05
000000195045.jpg,0.6950066089630127,5.567196785705164e-05
000000195165.jpg,0.6950191259384155,5.481982952915132e-05
000000195754.jpg,0.695025622844696,5.483031418407336e-05
000000195842.jpg,0.6950161457061768,5.497154779732227e-05
000000195918.jpg,0.6949789524078369,5.0928119890158996e-05
000000196009.jpg,0.6949836611747742,5.5695731134619564e-05
000000196141.jpg,0.6949971318244934,5.5622214858885854e-05
000000196185.jpg,0.6949438452720642,5.600468648481183e-05
000000196442.jpg,0.694874107837677,5.6374032283201814e-05
000000196754.jpg,0.694993257522583,5.5638338380958885e-05
000000196759.jpg,0.6949899196624756,5.471380063681863e-05
000000196843.jpg,0.6949796080589294,5.57700805075001e-05
000000197004.jpg,0.6949926018714905,5.574636088567786e-05
000000197022.jpg,0.6949615478515625,5.588507337961346e-05
000000197388.jpg,0.6949113011360168,5.614075780613348e-05
000000197528.jpg,0.6949806213378906,5.5852706282166764e-05
000000197658.jpg,0.694995105266571,5.5555341532453895e-05
000000197796.jpg,0.6949771046638489,5.580936704063788e-05
000000197870.jpg,0.6950123310089111,5.106123717268929e-05
000000198489.jpg,0.6949670910835266,5.582082667388022e-05
000000198510.jpg,0.6949543356895447,5.400437657954171e-05
000000198641.jpg,0.6949924230575562,5.33838574483525e-05
000000198805.jpg,0.6950082182884216,5.52135388716124e-05
000000198915.jpg,0.6949823498725891,5.5849341151770204e-05
000000198928.jpg,0.6949484348297119,5.595022230409086e-05
000000198960.jpg,0.6949955821037292,5.570038774749264e-05
000000199055.jpg,0.6949792504310608,5.584820610238239e-05
000000199236.jpg,0.6950032114982605,5.531108399736695e-05
000000199310.jpg,0.6950187683105469,5.479622632265091e-05
000000199395.jpg,0.6949441432952881,5.5943608458619565e-05
000000199442.jpg,0.6949130296707153,5.61178894713521e-05
000000199551.jpg,0.6949864625930786,5.571907968260348e-05
000000199681.jpg,0.6950181126594543,5.5174867156893015e-05
000000199771.jpg,0.6949883103370667,5.5632623116252944e-05
000000199977.jpg,0.6949487328529358,5.6049895647447556e-05
000000200152.jpg,0.6950292587280273,4.76003551739268e-05
000000200162.jpg,0.6949723362922668,5.5716718634357676e-05
000000200252.jpg,0.6949819922447205,5.578939453698695e-05
000000200421.jpg,0.6950178146362305,5.532579234568402e-05
000000200667.jpg,0.6949796676635742,5.5788783356547356e-05
000000200839.jpg,0.6949822306632996,5.583076199400239e-05
000000200961.jpg,0.69496750831604,5.596629489446059e-05
000000201025.jpg,0.6950302720069885,5.463135312311351e-05
000000201072.jpg,0.6949758529663086,5.57630555704236e-05
000000201148.jpg,0.6949400305747986,5.591818626271561e-05
000000201418.jpg,0.695017397403717,5.548983972403221e-05
000000201426.jpg,0.6949812173843384,5.578541458817199e-05
000000201646.jpg,0.6949866414070129,5.5750795581843704e-05
000000201676.jpg,0.6949928998947144,5.5893084208946675e-05
000000201775.jpg,0.694997251033783,5.580117431236431e-05
000000201934.jpg,0.6949760317802429,5.5794189393054694e-05
000000202001.jpg,0.6949866414070129,5.5276177590712905e-05
000000202228.jpg,0.6949661374092102,5.51882476429455e-05
000000202339.jpg,0.6950049996376038,5.485777364810929e-05
000000202445.jpg,0.694953203201294,5.551051435759291e-05
000000203095.jpg,0.6949494481086731,5.5993870773818344e-05
000000203294.jpg,0.6949921250343323,5.536454773391597e-05
000000203317.jpg,0.694991409778595,5.5742111726431176e-05
000000203389.jpg,0.6949676275253296,5.4880081734154373e-05
000000203488.jpg,0.6949996948242188,5.557496479013935e-05
000000203546.jpg,0.6950042843818665,5.5716733186272904e-05
000000203580.jpg,0.6949965357780457,5.564749881159514e-05
000000203629.jpg,0.6950114965438843,5.2089220844209194e-05
000000203639.jpg,0.6949679255485535,5.581930963671766e-05
000000203864.jpg,0.694998025894165,5.580200377153233e-05
000000203931.jpg,0.6949962973594666,5.4411004384746775e-05
000000204186.jpg,0.6950129270553589,5.54184771317523e-05
000000204329.jpg,0.6949104070663452,5.4672604164807126e-05
000000204871.jpg,0.6949819922447205,5.556756514124572e-05
000000205105.jpg,0.6950240731239319,5.351191430236213e-05
000000205282.jpg,0.6949493885040283,5.5876836995594203e-05
000000205289.jpg,0.6949272155761719,5.549226625589654e-05
000000205324.jpg,0.6949937343597412,5.5770022299839184e-05
000000205333.jpg,0.6949196457862854,5.61034212296363e-05
000000205401.jpg,0.6949136257171631,5.20818357472308e-05
000000205514.jpg,0.6949199438095093,5.543986480915919e-05
000000205542.jpg,0.6949964761734009,5.5738986702635884e-05
000000205647.jpg,0.6949285864830017,5.607126513496041e-05
000000205776.jpg,0.6949912905693054,5.5744952987879515e-05
000000205834.jpg,0.6949967741966248,5.5452179367421195e-05
000000206025.jpg,0.6949594020843506,5.488345050252974e-05
000000206027.jpg,0.6949801445007324,5.5733507906552404e-05
000000206135.jpg,0.694926381111145,5.211055395193398e-05
000000206218.jpg,0.6950023770332336,5.480844993144274e-05
000000206271.jpg,0.6949270963668823,5.5859647545730695e-05
000000206411.jpg,0.6949891448020935,5.572877125814557e-05
000000206487.jpg,0.6949648857116699,5.4664385970681906e-05
000000206579.jpg,0.6950056552886963,5.5339070968329906e-05
000000206831.jpg,0.6950191259384155,5.501622217707336e-05
000000206838.jpg,0.6949638724327087,5.584888276644051e-05
000000206994.jpg,0.694983184337616,5.5602977226953954e-05
000000207306.jpg,0.6949981451034546,5.5634234740864486e-05
000000207538.jpg,0.6949998140335083,5.557742770179175e-05
000000207585.jpg,0.6949754357337952,5.5796139349695295e-05
000000207728.jpg,0.6949439644813538,5.600012809736654e-05
000000207844.jpg,0.6949833035469055,5.5721960961818695e-05
000000208208.jpg,0.6949867010116577,5.58160463697277e-05
000000208363.jpg,0.6949779987335205,5.5691500165266916e-05
000000208423.jpg,0.6949540376663208,5.59431136935018e-05
000000208901.jpg,0.6949394941329956,5.598176358034834e-05
000000209142.jpg,0.6949825286865234,5.5866388720460236e-05
000000209222.jpg,0.6950076818466187,5.5479886214016005e-05
000000209530.jpg,0.6950260996818542,5.537300603464246e-05
000000209613.jpg,0.6950193047523499,5.548563785851002e-05
000000209747.jpg,0.6949267387390137,5.609661093330942e-05
000000209753.jpg,0.6950176954269409,5.4371950682252645e-05
000000209757.jpg,0.6950048804283142,5.444483758765273e-05
000000209829.jpg,0.6949703097343445,5.549646448343992e-05
000000209972.jpg,0.6949310302734375,5.611054803011939e-05
000000210030.jpg,0.6949575543403625,5.593525565927848e-05
000000210032.jpg,0.6949842572212219,5.567188418353908e-05
000000210099.jpg,0.695015549659729,5.3814201237400994e-05
000000210230.jpg,0.6949860453605652,5.318371040630154e-05
000000210273.jpg,0.6949986219406128,4.4929875002708286e-05
000000210299.jpg,0.6949428915977478,5.598479037871584e-05
000000210388.jpg,0.6949015855789185,5.620060255751014e-05
000000210394.jpg,0.6949824094772339,5.5756121582817286e-05
000000210502.jpg,0.694991409778595,5.444072303362191e-05
000000210520.jpg,0.6950070261955261,5.550144851440564e-05
000000210708.jpg,0.6950103044509888,5.564682578551583e-05
000000210789.jpg,0.6949806213378906,5.522048377315514e-05
000000210855.jpg,0.695024847984314,5.432390025816858e-05
000000210915.jpg,0.6949146389961243,5.565427272813395e-05
000000211042.jpg,0.6950231194496155,5.559581040870398e-05
000000211069.jpg,0.6950070261955261,5.5715994676575065e-05
000000211120.jpg,0.6949899196624756,5.5583685025339946e-05
000000211674.jpg,0.6949642896652222,5.573576709139161e-05
000000211825.jpg,0.694973886013031,5.581660661846399e-05
000000212072.jpg,0.6949789524078369,5.577047704719007e-05
000000212166.jpg,0.694988489151001,5.550788773689419e-05
000000212226.jpg,0.694977343082428,5.138188134878874e-05
000000212453.jpg,0.6950207352638245,5.532609793590382e-05
000000212559.jpg,0.6949772238731384,5.564179446082562e-05
000000212573.jpg,0.6949739456176758,5.5850126955192536e-05
000000212800.jpg,0.6949898600578308,5.562981459661387e-05
000000212895.jpg,0.6949654221534729,5.591639637714252e-05
000000213033.jpg,0.6949958801269531,5.556138785323128e-05
000000213035.jpg,0.6950079202651978,5.114893428981304e-05
000000213086.jpg,0.6949772238731384,5.5782729759812355e-05
000000213171.jpg,0.694945216178894,5.599234646069817e-05
000000213224.jpg,0.6950065493583679,5.5553653510287404e-05
000000213255.jpg,0.6950191855430603,5.440062523121014e-05
000000213422.jpg,0.6950071454048157,5.550265632336959e-05
000000213445.jpg,0.6950095295906067,5.4032068874221295e-05
000000213547.jpg,0.6950117349624634,5.5507654906250536e-05
000000213593.jpg,0.6950268149375916,5.470848554978147e-05
000000213605.jpg,0.6949543356895447,5.591967419604771e-05
000000213816.jpg,0.6949638724327087,5.587119812844321e-05
000000213830.jpg,0.6950174570083618,5.56167506147176e-05
000000213935.jpg,0.6949937343597412,5.489035902428441e-05
000000214192.jpg,0.6950041055679321,5.41943300049752e-05
000000214200.jpg,0.6949813961982727,5.564417733694427e-05
000000214205.jpg,0.6949479579925537,5.5968826927710325e-05
000000214224.jpg,0.6950175166130066,5.5641714425291866e-05
000000214539.jpg,0.6950056552886963,5.55410333618056e-05
000000214703.jpg,0.6949893236160278,5.580615106737241e-05
000000214720.jpg,0.6949878334999084,5.5634322052355856e-05
000000214753.jpg,0.694934070110321,5.604942998616025e-05
000000214869.jpg,0.6950070261955261,5.561206489801407e-05
000000215072.jpg,0.694989025592804,5.57472521904856e-05
000000215114.jpg,0.6949882507324219,5.574000169872306e-05
000000215245.jpg,0.6949496269226074,5.603141471510753e-05
000000215259.jpg,0.6949850916862488,5.547462933463976e-05
000000215644.jpg,0.6950005292892456,5.56975974177476e-05
000000215723.jpg,0.6949969530105591,5.5530235840706155e-05
000000215778.jpg,0.6949805021286011,5.549904744839296e-05
000000216277.jpg,0.6949673295021057,5.587183841271326e-05
000000216296.jpg,0.6949895024299622,5.5746153520885855e-05
000000216419.jpg,0.6949560642242432,5.520282866200432e-05
000000216497.jpg,0.6949871778488159,5.571197470999323e-05
000000216516.jpg,0.6949501633644104,5.5946071370271966e-05
000000216636.jpg,0.6950302124023438,4.8878759116632864e-05
000000216739.jpg,0.6949217915534973,5.6126526033040136e-05
000000217060.jpg,0.6949465870857239,5.5970664107007906e-05
000000217219.jpg,0.6949809193611145,5.5868917115731165e-05
000000217285.jpg,0.694963812828064,5.589010106632486e-05
000000217400.jpg,0.6949883699417114,5.567303378484212e-05
000000217425.jpg,0.6950004696846008,5.5486452765762806e-05
000000217614.jpg,0.6950191855430603,5.5621574574615806e-05
000000217753.jpg,0.6949945092201233,5.5704509577481076e-05
000000217872.jpg,0.695013165473938,5.555722600547597e-05
000000217948.jpg,0.6950198411941528,5.5114760471042246e-05
000000217957.jpg,0.6949823498725891,5.397484346758574e-05
000000218091.jpg,0.6950045824050903,5.56284467165824e-05
000000218249.jpg,0.6949979066848755,5.509157199412584e-05
000000218362.jpg,0.6950133442878723,5.055419751442969e-05
000000218424.jpg,0.6949850916862488,5.5876673286547884e-05
000000218439.jpg,0.6949917674064636,5.558006159844808e-05
000000218997.jpg,0.6950041651725769,5.5613083532080054e-05
000000219271.jpg,0.6949619650840759,5.591347871813923e-05
000000219283.jpg,0.6950111985206604,5.4835370974615216e-05
000000219440.jpg,0.6949779987335205,5.551530557568185e-05
000000219485.jpg,0.6949959397315979,5.566555046243593e-05
000000219578.jpg,0.6949841380119324,5.57837265660055e-05
000000220310.jpg,0.6950170993804932,4.921963409287855e-05
000000220584.jpg,0.6949299573898315,5.607903585769236e-05
000000220732.jpg,0.6949676275253296,5.587700798059814e-05
000000220764.jpg,0.6948860287666321,5.5989290558500215e-05
000000220858.jpg,0.6949803829193115,5.5805645388318226e-05
000000221017.jpg,0.6949799060821533,5.5837717809481546e-05
000000221155.jpg,0.6950080990791321,5.482706183101982e-05
000000221213.jpg,0.6950063109397888,5.550727291847579e-05
000000221281.jpg,0.6950071454048157,5.533498915610835e-05
000000221291.jpg,0.6948891878128052,5.632297688862309e-05
000000221502.jpg,0.6949822902679443,5.5841534049250185e-05
000000221693.jpg,0.6950172781944275,5.565935862250626e-05
000000221708.jpg,0.6950041055679321,5.550165587919764e-05
000000221754.jpg,0.6949482560157776,5.4715499572921544e-05
000000221872.jpg,0.6949864029884338,5.564794264500961e-05
000000222094.jpg,0.6949761509895325,5.580664947046898e-05
000000222118.jpg,0.694901704788208,5.616797716356814e-05
000000222235.jpg,0.6949855089187622,5.582922312896699e-05
000000222299.jpg,0.6950103640556335,5.561858415603638e-05
000000222317.jpg,0.6949954628944397,5.5766693549230695e-05
000000222455.jpg,0.6949936747550964,4.731201261165552e-05
000000222458.jpg,0.6949397325515747,5.5988813983276486e-05
000000222559.jpg,0.6949379444122314,5.6020315241767094e-05
000000222735.jpg,0.6949942111968994,5.5389547924278304e-05
000000222825.jpg,0.6949776411056519,5.586609404417686e-05
000000222863.jpg,0.6950097680091858,5.4669741075485945e-05
000000222991.jpg,0.6949480772018433,5.5553664424223825e-05
000000223090.jpg,0.6949815154075623,5.58604187972378e-05
000000223130.jpg,0.6949859261512756,5.579974822467193e-05
000000223182.jpg,0.6949650645256042,5.582396261161193e-05
000000223188.jpg,0.6950068473815918,5.567845073528588e-05
000000223738.jpg,0.6949777007102966,5.5707547289785e-05
000000223747.jpg,0.6950183510780334,5.5239739594981074e-05
000000223789.jpg,0.6949772238731384,5.549935303861275e-05
000000223955.jpg,0.695015549659729,5.547446198761463e-05
000000223959.jpg,0.6949939727783203,5.5785632866900414e-05
000000224051.jpg,0.6949098706245422,5.268381937639788e-05
000000224093.jpg,0.694994330406189,5.5769945902284235e-05
000000224119.jpg,0.6950245499610901,5.522006540559232e-05
000000224200.jpg,0.6950172185897827,5.56178783881478e-05
000000224222.jpg,0.6949428915977478,5.601252632914111e-05
000000224337.jpg,0.6950001120567322,5.1292809075675905e-05
000000224664.jpg,0.6949520111083984,5.588800922851078e-05
000000224675.jpg,0.6949716210365295,5.562891601584852e-05
000000224724.jpg,0.6949880123138428,5.484943903866224e-05
000000224807.jpg,0.6950135827064514,5.539866106119007e-05
000000225184.jpg,0.6950216293334961,5.5813165090512484e-05
000000225405.jpg,0.6949952244758606,5.581162258749828e-05
000000225532.jpg,0.6949803233146667,5.5671436712145805e-05
000000225670.jpg,0.694911777973175,5.616334965452552e-05
000000225757.jpg,0.6950051784515381,5.554132803808898e-05
000000225946.jpg,0.6949701309204102,5.578691707341932e-05
000000226058.jpg,0.6950077414512634,5.566756590269506e-05
000000226111.jpg,0.6949790716171265,5.527971006813459e-05
000000226130.jpg,0.6950091123580933,4.98195513500832e-05
000000226147.jpg,0.6949966549873352,5.546790634980425e-05
000000226154.jpg,0.694989025592804,5.565212632063776e-05
000000226171.jpg,0.694987952709198,5.451935430755839e-05
000000226408.jpg,0.6949754357337952,5.5566961236763746e-05
000000226417.jpg,0.6949682235717773,5.583898018812761e-05
000000226592.jpg,0.6950008869171143,5.557876284001395e-05
000000226662.jpg,0.6950164437294006,5.357374175218865e-05
000000226802.jpg,0.6949725151062012,5.345375029719435e-05
000000226883.jpg,0.6949969530105591,5.508555841515772e-05
000000226903.jpg,0.6949793100357056,5.540073470911011e-05
000000226984.jpg,0.6950201392173767,5.437169602373615e-05
000000227044.jpg,0.6949789524078369,5.5929172958713025e-05
000000227187.jpg,0.6949784755706787,5.59082800464239e-05
000000227399.jpg,0.6950021386146545,5.564349703490734e-05
000000227478.jpg,0.6949888467788696,5.571814836002886e-05
000000227482.jpg,0.6950145363807678,5.531670467462391e-05
000000227491.jpg,0.6949852108955383,5.469168536365032e-05
000000227511.jpg,0.6949650645256042,5.338849950931035e-05
000000227686.jpg,0.6950243711471558,5.461175896925852e-05
000000227765.jpg,0.6950215101242065,5.400395457400009e-05
000000227898.jpg,0.6949588060379028,5.596384289674461e-05
000000227985.jpg,0.6949918866157532,5.582032827078365e-05
000000228144.jpg,0.6949708461761475,5.545924068428576e-05
000000228214.jpg,0.6949915885925293,5.551815775106661e-05
000000228436.jpg,0.6949820518493652,5.560373392654583e-05
000000228771.jpg,0.6950148344039917,5.521500133909285e-05
000000228942.jpg,0.6949846744537354,5.5325461289612576e-05
000000228981.jpg,0.6949523687362671,5.5905955377966166e-05
000000229111.jpg,0.6950188875198364,5.5549600801896304e-05
000000229216.jpg,0.6949955821037292,5.567754851654172e-05
000000229221.jpg,0.6949699521064758,5.3342984756454825e-05
000000229311.jpg,0.6950035095214844,5.5503129260614514e-05
000000229358.jpg,0.6949862241744995,5.5360338592436165e-05
000000229553.jpg,0.6949635744094849,5.583695019595325e-05
000000229601.jpg,0.6950161457061768,5.5490731028839946e-05
000000229659.jpg,0.6949917674064636,5.5721749959047884e-05
000000229747.jpg,0.6949766874313354,5.5847602197900414e-05
